species_nr,syntaxon,status
1241,01,k
1395,01,k
724,01,k
723,01,k
723,01-a,z
640,01-b,z
722,01A,k
1241,01A1,c
1395,01A1,k
723,01A1,c
128,01A1,k
722,01A1,k
1241,01A2,k
723,01A2,c
127,01A2,k
1241,01B,c
724,01B,k
723,01B,c
640,01B,c
3468,01B,k
3478,01B,k
1241,01B1,c
724,01B1,k
723,01B1,c
640,01B1,c
3468,01B1,k
3478,01B1,k
3478,01B1a,d
724,01B1b,c
1107,02,k
1108,02,k
1108,02A,k
1107,02A1,k
1397,02A1,c
1108,02A2,k
1399,03,k
1398,03,k
1399,03A,k
1398,03A,k
1399,03A1,k
1398,03A2,k
2145,04,k
2145,04-a,z
2155,04A,k
2155,04A-a,z
2119,04A1,k
2144,04B,k
2195,04B,k
2160,04B1,k
2195,04B1,k
2146,04B2,k
2141,04B3,k
2147,04C,k
2147,04C1,k
1241,04C2,c
2154,04C2,k
2161,04C3,k
2110,04D,k
2142,04D,k
2143,04D,k
2163,04D,k
998,04D1,d
1964,04D1,d
1044,04D1,d
2110,04D1,k
2142,04D1,k
2143,04D1,k
2163,04D1,k
2110,04D1a,d
2143,04D1a,d
2163,04D1a,d
990,05,k
1002,05,k
995,05-a,z
990,05-b,z
441,05-c,z
299,05-d,z
184,05-e,z
851,05-f,z
640,05-g,z
182,05-h,z
299,05A,d
851,05A,d
998,05A,d
1397,05A,k
998,05A-a,y
1397,05A-a,y
723,05A1,c
300,05A1,k
1044,05A2,k
854,05A3,k
998,05A3a,c
1107,05A3a,d
1397,05A3a,d
1396,05A3a,d
866,05A3b,d
1327,05A3b,c
2750,05A3b,d
2160,05A3b,d
299,05B,d
441,05B,d
442,05B,d
851,05B,d
865,05B,k
866,05B,k
989,05B,d
992,05B,d
994,05B,k
995,05B,d
998,05B,d
1046,05B,d
852,05B,d
998,05B1,c
999,05B1,k
996,05B1,k
994,05B2,k
1001,05B2,k
994,05B2a,c
1001,05B2a,c
994,05B2b,c
865,05B3,k
866,05B3,k
867,05B4,k
299,05C,d
441,05C,d
442,05C,d
640,05C,k
851,05C,d
989,05C,d
992,05C,d
995,05C,d
998,05C,d
1046,05C,d
852,05C,d
724,05C1,c
640,05C1,c
1255,05C1,k
1327,05C2,k
299,05D,d
441,05D,d
442,05D,d
851,05D,d
989,05D,d
992,05D,d
995,05D,d
998,05D,d
1002,05D,k
1003,05D,k
1046,05D,d
1041,05D,k
1396,05D,k
852,05D,d
442,05D-a,y
1002,05D-a,y
1003,05D-b,z
1041,05D-c,z
987,05D1,k
442,05D2,c
991,05D2,k
1046,05D3,k
997,05D4,k
724,05D5,d
441,05D5,c
638,05D5,c
640,05D5,d
852,05D5,k
985,05D5,k
986,05D5,d
184,05E,k
441,05E,d
995,05E,d
1055,05E,k
986,05E,k
180,05E,k
1055,05E-a,z
184,05E1,c
638,05E1,c
184,05E2,c
1050,05E2,k
995,05E3,c
850,05E3,k
441,05E4,c
1049,05E4,k
180,05E4,c
2416,05E4,k
429,06,k
753,06,k
1000,06,k
2343,06,k
765,06,k
436,06,k
753,06-a,z
1000,06-b,z
2343,06-b,c
2343,06-c,c
436,06-c,z
3004,06-c,c
2343,06-d,z
866,06/a,z
2343,06/a,c
753,06A,c
667,06A,k
668,06A,k
754,06A,k
753,06A1,c
667,06A1,k
668,06A1,k
754,06A1,k
667,06A1a,c
668,06A1a,d
436,06A1b,c
2343,06A1c,c
2996,06A1c,d
3004,06A1c,c
2343,06A1d,c
754,06A1d,c
995,06B,d
993,06B,k
993,06B1,k
1324,06B2,d
2343,06B2,c
1230,06B2,k
239,06B2,d
1323,06B2,d
1048,06C,d
77,06C,k
641,06C,d
644,06C,k
1154,06C,k
1053,06C,k
939,06C1,k
2343,06C1,c
644,06C2,k
1154,06C2,k
2343,06C2,c
641,06C3,c
644,06C3,c
2343,06C3,c
436,06C3,k
399,06C3,k
813,06C4,c
1048,06C4,c
1156,06C4,d
673,06C4,d
261,06C4,c
266,06C4,d
429,06C4,c
641,06C4,c
753,06C4,c
1124,06C4,d
1135,06C4,c
435,06D,k
432,06D,k
430,06D,k
435,06D1,k
432,06D1,k
430,06D1,k
201,07,k
2566,07,k
201,07-a,z
469,07-b,z
455,07A,k
1247,07A,k
3431,07A,k
2962,07A,k
3525,07A,k
3431,07A-a,y
3347,07A-a,y
584,07A1,d
972,07A1,d
1048,07A1,d
1247,07A1,c
2427,07A1,k
2866,07A1,k
2427,07A1a,c
2866,07A1a,c
995,07A1b,d
1055,07A1b,d
2343,07A1b,d
1050,07A1b,d
18,07A1c,c
455,07A1c,c
1349,07A1c,c
5199,07A1c,d
1346,07A1c,d
675,07A1d,d
925,07A1d,d
1112,07A1d,d
2567,07A2,c
323,07A2,k
323,07A2a,c
463,07A2b,d
1215,07A2b,d
201,07A2b,c
2566,07A2b,c
322,07A2b,d
526,07A2b,d
1167,07A2b,d
2338,07A2b,d
2656,07A2b,d
28,08,k
585,08,k
844,08,k
930,08,k
933,08,k
1074,08,k
1099,08,k
1216,08,k
1229,08,k
1318,08,k
780,08,k
7,08,k
585,08-a,z
930,08-b,z
1074,08-c,z
1318,08-d,z
7,08-e,z
933,08-f,z
437,08-g,z
1229,08-h,z
584,08-i,z
933,08-j,c
1317,08-j,c
427,08-j,z
463,08-k,z
933,08/a,c
3023,08/a,z
78,08A,k
171,08A,k
584,08A,k
859,08A,d
869,08A,d
1215,08A,d
860,08A,k
1350,08A,k
1349,08A,k
1215,08A-a,z
868,08A-b,z
859,08A-c,z
673,08A-d,z
630,08A1,k
972,08A2,c
860,08A2,k
785,08A2,d
1346,08A2,k
78,08A3,k
274,08A3,d
1167,08A3,d
274,08A4,d
1056,08A4,c
959,08A4,c
586,08A4,k
1349,08A4,c
1167,08A4,d
28,08A5,c
171,08A5,k
1114,08A5,k
1229,08A5,c
1231,08A5,k
463,08B,d
933,08B,d
1156,08B,k
1229,08B,d
1317,08B,k
2376,08B,d
665,08B,d
1949,08B,k
456,08B,d
1051,08B,d
1460,08B,k
1189,08B,d
933,08B-b,c
1324,08B-b,z
1155,08B1,k
1156,08B2,k
972,08B2a,d
785,08B2a,d
1162,08B2a,c
1161,08B2b,c
1215,08B2b,d
28,08B2c,c
585,08B2c,d
930,08B2c,c
972,08B2c,d
785,08B2c,c
2338,08B2c,c
1460,08B2c,c
1189,08B2c,d
28,08B2d,c
326,08B2d,d
972,08B2d,d
1099,08B2d,c
1216,08B2d,d
1317,08B2d,d
785,08B2d,d
1156,08B2e,c
933,08B3,d
1317,08B3,k
933,08B3a,c
1317,08B3a,c
1051,08B3a,c
844,08B3b,d
933,08B3b,c
959,08B3b,d
201,08B3b,c
2338,08B3b,c
2402,08B3b,d
490,08B3c,c
813,08B3c,c
929,08B3c,c
933,08B3c,c
427,08B3c,c
2567,08B3c,d
1317,08B3d,c
249,08C,k
259,08C,k
346,08C,d
463,08C,d
783,08C,d
929,08C,d
2376,08C,d
212,08C,k
665,08C,d
211,08C,k
225,08C,k
260,08C,d
784,08C,d
2620,08C,d
957,08C,k
688,08C,k
456,08C,d
1051,08C,d
173,08C,d
2619,08C,k
1189,08C,d
259,08C-a,z
212,08C-b,z
249,08C-c,z
225,08C-d,z
463,08C-e,c
688,08C-e,z
173,08C-f,z
326,08C1,k
640,08C1,d
813,08C1,c
1099,08C1,c
1317,08C1,c
254,08C1,k
451,08C1a,d
844,08C1a,d
178,08C1b,c
640,08C1b,c
249,08C1c,c
929,08C1c,d
2376,08C1c,d
780,08C1c,d
427,08C1c,c
346,08C1d,d
463,08C1d,c
260,08C1d,d
821,08C1d,c
688,08C1d,d
1051,08C1d,c
463,08C2,d
585,08C2,d
930,08C2,d
2376,08C2,c
665,08C2,d
211,08C2,k
967,08C2a,d
1074,08C2a,d
211,08C2a,c
1189,08C2a,d
346,08C2b,d
463,08C2b,c
1048,08C2b,d
785,08C2b,c
821,08C2b,d
173,08C2b,d
2338,08C2b,c
1254,08C2b,d
211,08C2c,c
463,08C3,c
2376,08C3,c
665,08C3,c
785,08C3,c
260,08C3,d
267,08C3,k
463,08C4,c
2376,08C4,c
214,08C4,k
585,08C4a,d
930,08C4a,d
346,08C4b,d
260,08C4b,d
821,08C4b,d
923,08C4b,d
2338,08C4b,c
933,08C5,c
427,08C5,d
688,08C5,d
337,08C5,k
783,08C5a,d
813,08C5a,d
929,08C5a,d
337,08C5b,c
427,08C5c,d
688,08C5c,d
346,08C5d,d
260,08C5d,d
239,08C5d,d
346,08C6,c
783,08C6,d
929,08C6,c
2376,08C6,c
785,08C6,d
237,08C6,k
173,08C6,c
929,08C6a,d
933,08C6a,c
427,08C6a,c
688,08C6a,d
680,08C6b,d
237,08C6b,c
244,09,k
346,09,k
1048,09,k
1544,09,k
923,09,k
476,09-a,z
3004,09-a,c
260,09-b,z
2995,09-b,c
244,09-c,c
1124,09-c,c
912,09-c,z
641,09-d,c
1124,09-d,c
174,09-d,z
879,09-d,z
463,09-e,z
346,09-f,y
260,09-f,y
784,09-g,c
173,09-g,z
335,09-g,c
849,09-h,z
832,09-h,c
139,09-h,c
530,09-h,c
933,09-i,c
832,09-i,z
3015,09-i,z
933,09-j,c
821,09-j,c
688,09-j,z
680,09-k,z
244,09-l,c
1048,09-l,c
437,09-l,z
2376,09-l,c
641,09-l,c
1124,09/a,y
6459,09/a,y
346,09/b,c
2705,09/b,z
933,09/c,c
641,09/c,c
2923,09/c,z
244,09A,k
346,09A,d
929,09A,d
1544,09A,d
173,09A,d
219,09A,k
476,09A,d
2623,09A,k
3006,09A,k
1385,09A,k
3023,09A,k
1254,09A,d
244,09A-a,y
1544,09A-a,y
1048,09A-b,c
673,09A-b,z
346,09A1,c
1048,09A1,c
437,09A1,c
2376,09A1,c
266,09A1,k
641,09A1,c
672,09A1,d
1000,09A1,d
1124,09A1,c
174,09A1,d
912,09A1,d
1561,09A1,d
933,09A2,c
3239,09A2,c
418,09A2,c
597,09A2,d
3015,09A2,d
3024,09A2,d
3026,09A2,d
2920,09A2,c
2923,09A2,d
3321,09A2,d
420,09A2,k
2544,09A2,c
3428,09A2,k
3330,09A2,d
1161,09A2a,d
641,09A2a,c
66,09A2a,c
929,09A2b,d
427,09A2b,d
784,09A2b,c
688,09A2b,c
832,09A2b,c
1544,09A2b,c
173,09A2b,d
1008,09A2b,c
3015,09A2b,c
2923,09A2b,c
3321,09A2b,c
1258,09A2b,d
2673,09A2b,d
244,09A3,c
346,09A3,c
463,09A3,c
1048,09A3,c
2376,09A3,c
260,09A3,c
1362,09A3,d
3239,09A3,d
1544,09A3,c
219,09A3,k
228,09A3,k
476,09A3,c
3015,09A3,d
1254,09A3,c
2544,09A3,d
267,09A3b,d
681,09A3b,c
670,09A3c,c
346,09B,d
463,09B,d
929,09B,d
1324,09B,d
260,09B,d
821,09B,k
3239,09B,d
1544,09B,d
556,09B,d
239,09B,k
1254,09B,d
1324,09B-a,z
260,09B-b,c
821,09B-b,z
178,09B1,k
680,09B1,d
476,09B1,d
178,09B1b,c
346,09B2,d
239,09B2,k
463,09B2a,c
821,09B2a,c
1000,09B2b,d
3239,09B2b,d
2996,09B2b,d
476,09B2b,c
3004,09B2b,c
239,09B2c,c
346,09B3,c
463,09B3,c
813,09B3,c
2376,09B3,c
785,09B3,c
427,09B3,d
641,09B3,c
2620,09B3,c
688,09B3,d
237,09B3,d
418,09B3,d
477,09B3,k
923,09B3,d
2621,09B3,d
175,09B3,d
221,09B3,k
2961,09B3,k
3432,09B3,k
1324,09B3a,c
821,09B3a,c
2628,09B3a,d
923,09B3a,c
1323,09B3a,d
2603,09B3a,c
2629,09B3a,d
2735,09B3a,d
2991,09B3a,c
3301,09B3a,d
748,09B3a,c
244,09B3b,c
1048,09B3b,c
1362,09B3b,d
3239,09B3b,d
248,09B3b,d
1544,09B3b,c
219,09B3b,c
228,09B3b,d
476,09B3b,c
2619,09B3b,d
3015,09B3b,d
1385,09B3b,d
1332,09B3b,d
2544,09B3b,d
261,09C,d
556,09C,d
438,09C,k
461,09C,k
921,09C,k
1150,09C,k
1265,09C,k
2603,09C,k
2629,09C,k
2735,09C,k
3455,09C,k
748,09C,k
1111,09C,d
3458,09C,k
884,09C,k
747,09C,d
232,09C,d
471,09C,k
593,09C,d
3446,09C,d
813,09C-a,c
1124,09C-a,c
232,09C-a,z
673,09C-b,c
641,09C-b,c
1124,09C-b,c
438,09C-b,z
1124,09C-c,c
461,09C-c,c
921,09C-c,c
232,09C-c,c
1034,09C-c,z
1124,09C-d,c
2620,09C-d,c
461,09C-d,c
471,09C-d,y
470,09C-d,y
248,09C1,d
832,09C1,d
556,09C1,d
921,09C1,c
1008,09C1,d
1258,09C1,d
1332,09C1,d
2316,09C1,d
223,09C1,k
255,09C1,c
478,09C1,d
942,09C1,c
1311,09C2,d
438,09C2,k
942,09C2,c
18,09C3,c
813,09C3,c
673,09C3,c
261,09C3,c
672,09C3,k
1124,09C3,c
1006,09C3,d
556,09C3,d
174,09C3,d
581,09C3,d
629,09C3,d
674,09C3,d
921,09C3,c
1150,09C3,k
3430,09C3,k
224,09C3,d
683,09C3,d
562,09C3,k
2316,09C3,d
266,09C3a,d
641,09C3a,c
2620,09C3a,d
923,09C3a,d
2629,09C3a,d
672,09C3b,c
231,09C3b,d
747,09C3b,c
232,09C3b,c
285,09C3b,d
2319,09C3b,d
3415,09C3b,d
2996,10,k
3004,10,k
260,10-a,z
2995,10-a,z
3004,10-a,c
476,10-b,z
3004,10-b,c
3004,10-c,z
1324,10-d,z
832,10-e,z
2995,10-e,z
3004,10-e,c
2343,10-f,z
3004,10-f,c
2343,10-g,c
436,10-g,z
3004,10-g,c
832,10-h,c
2995,10-h,z
476,10-h,c
3004,10-h,c
479,10-h,z
3239,10-i,c
3004,10-i,c
913,10-i,z
2705,10-j,z
3004,10-j,c
437,10-k,z
3004,10-k,c
680,10-l,z
2995,10-l,z
3004,10-l,c
866,10/b,z
2343,10/b,c
2996,10A,k
1068,10A,k
3004,10A,k
832,10A-a,c
1068,10A-a,z
3004,10A-a,c
1324,10A1,d
2343,10A1,d
2996,10A1,k
3004,10A1a,c
1228,10A1b,c
417,10A2,d
418,10A2,c
476,10A2,c
1068,10A2,c
3004,10A2,c
3344,10A2,k
913,10A2,c
416,10A2,k
418,10A3,c
476,10A3,c
242,10A3,k
913,10A3,c
1149,10A3,k
3012,10A3,k
418,11,k
473,11,k
858,11,k
2544,11,k
479,11,k
3330,11,k
3374,11,k
3425,11,k
3417,11,k
260,11-a,z
3239,11-a,c
832,11-a,c
473,11-b,c
912,11-b,z
832,11-c,z
473,11-c,c
479,11-c,z
832,11-d,c
2995,11-d,z
479,11-d,z
913,11-d,c
832,11-e,c
473,11-e,c
55,11-e,z
832,11-f,c
186,11-f,z
473,11-f,c
2792,11-f,y
832,11-g,z
2995,11-g,z
473,11-g,c
476,11-g,c
3006,11-h,z
2544,11-h,c
832,11-i,z
473,11-i,c
248,11-j,c
832,11-j,c
2213,11-j,z
220,11-j,z
473,11-j,c
832,11-k,c
473,11-k,c
858,11-k,z
680,11-l,z
832,11-l,c
473,11-l,c
476,11-l,c
849,11/a,z
832,11/a,c
832,11/c,c
473,11/c,c
6077,11/c,z
248,11A,d
832,11A,d
568,11A,d
3024,11A,d
3364,11A,k
9317,11A,d
687,11A,k
924,11A,d
3001,11A,k
3013,11A,k
3027,11A,k
2357,11A,k
832,11A-a,c
186,11A-a,c
473,11A-a,z
473,11A-b,c
9317,11A-b,z
417,11A1,k
473,11A1,c
777,11A1,k
1068,11A1,c
1069,11A1,k
9317,11A1,c
473,11A2,c
3001,11A2,k
3027,11A2,k
2357,11A2,k
2791,11A2,k
186,11A2a,c
476,11A2a,c
3016,11A2a,d
55,11A2a,d
479,11A2a,d
913,11A2a,d
3330,11A2a,d
3374,11A2a,d
3425,11A2a,d
3417,11A2a,d
186,11A2b,c
3321,11A2b,c
3172,11A2b,d
3327,11A2b,c
1331,11A2b,c
2792,11A2b,d
2810,11A2b,c
3001,11A2b,c
3374,11A2b,d
3027,11A2b,c
3417,11A2b,d
1329,11A2b,d
2357,11A2b,c
186,11A2c,c
2357,11A2c,c
2633,11A2c,d
186,11A2d,c
2635,11A2d,d
251,11A2d,d
2357,11A2d,c
4148,11A2d,d
4168,11A2d,d
4173,11A2d,d
4174,11A2d,d
4190,11A2d,d
4193,11A2d,d
4199,11A2d,d
1124,11A2e,c
248,11A2e,c
418,11A2e,c
568,11A2e,c
1008,11A2e,c
1258,11A2e,d
687,11A2e,c
924,11A2e,c
950,11A2e,d
962,11A2e,d
1199,11A2e,d
1616,11A2e,c
2678,11A2e,d
3001,11A2e,c
2357,11A2e,c
2791,11A2e,d
2357,11A2f,c
266,11A3,c
641,11A3,d
1124,11A3,c
174,11A3,d
215,11A3,d
473,11A3,c
1008,11A3,d
447,11A3,d
558,11A3,d
761,11A3,d
1199,11A3,d
1330,11A3,d
346,11A3a,d
933,11A3a,d
641,11A3a,c
1544,11A3a,c
173,11A3a,c
476,11A3a,c
3015,11A3a,d
426,11A3a,d
2792,11A3a,c
3013,11A3a,c
672,11A3b,d
674,11A3b,d
912,11A3b,c
3364,11A3b,d
3016,11B,k
3172,11B,k
55,11B,k
479,11B,k
913,11B,k
3011,11B,k
3330,11B,k
186,11B-a,z
473,11B-a,c
476,11B-a,c
3011,11B-a,z
3027,11B-a,c
473,11B-b,c
476,11B-b,c
447,11B-b,y
2544,11B-b,c
1331,11B-b,y
2907,11B-b,y
476,11B-c,c
913,11B-c,z
3239,11B-d,z
476,11B-d,c
913,11B-d,c
3011,11B-d,c
418,11B1,c
473,11B1,c
476,11B1,c
55,11B1,k
479,11B1,k
913,11B1,c
3011,11B1,k
3324,11B1,d
186,11B1a,c
2679,11B1a,d
2792,11B1a,c
2810,11B1a,d
2907,11B1a,d
4183,11B1a,d
1068,11B1b,c
3004,11B1b,c
3344,11B1b,d
3016,11B1b,c
3011,11B1b,d
416,11B1b,d
933,11B2,c
688,11B2,d
66,11B2,d
418,11B2,c
3006,11B2,d
3015,11B2,c
447,11B2,d
2920,11B2,c
2923,11B2,c
3321,11B2,d
2544,11B2,c
1331,11B2,d
2673,11B2,d
3330,11B2,c
952,12,k
1006,12,k
2320,12,k
1056,12-a,c
959,12-a,y
952,12-a,c
1306,12-a,c
1250,12-a,c
756,12-a,y
930,12-b,c
446,12-b,c
1006,12-b,c
1755,12-b,z
952,12A,c
968,12A,k
2320,12A,c
796,12A,k
952,12A-a,c
215,12A-a,z
968,12A1,c
2320,12A1,c
756,12A1,c
2430,12A1a,c
675,12A1b,d
19,12A1b,c
1306,12A1b,c
690,12A1b,c
18,12A1c,d
446,12A1c,c
462,12A1c,c
390,12A1c,c
946,12A1c,d
2430,12A1c,c
331,12A1c,d
520,12A1c,d
725,12A1c,c
795,12A1c,d
968,12A1c,c
1306,12A1c,c
607,12A1c,d
1040,12A1c,d
1305,12A1c,c
96,12A1c,d
101,12A1c,d
1010,12A1c,d
1921,12A1c,d
394,12A1c,c
4,12A1c,c
799,12A1c,d
325,12A1c,c
446,12A1d,c
2430,12A1d,c
121,12A1d,d
725,12A1d,c
795,12A1d,d
968,12A1d,c
123,12A1d,d
794,12A1d,c
1023,12A1d,c
1192,12A1d,d
968,12A2,c
756,12A2,c
359,12A2,k
733,12A2,k
200,12A2a,c
796,12A2a,c
18,12A2b,d
446,12A2b,d
1006,12A2b,c
121,12A2b,c
1238,12A2b,c
39,12A2b,d
959,12A2c,d
1250,12A2c,c
200,12A2c,c
796,12A2c,c
848,12A2c,c
1112,12A3,k
2577,12A3,k
1109,12A3,k
589,12A3a,d
2642,12A3a,c
475,12A3b,d
968,12A3b,c
2582,12A3b,d
1762,12A3b,d
18,12B,k
40,12B,k
437,12B,d
1056,12B,d
959,12B,d
245,12B,k
1098,12B,k
1300,12B,k
1057,12B,k
18,12B-a,c
673,12B-a,c
675,12B-a,c
232,12B-a,z
18,12B-b,c
673,12B-b,c
641,12B-b,c
438,12B-b,z
1306,12B-b,c
18,12B-c,c
440,12B-c,z
40,12B-d,c
1156,12B-d,z
18,12B-e,c
813,12B-e,c
684,12B-e,z
1056,12B-f,c
66,12B-f,c
1544,12B-f,z
40,12B-g,c
1056,12B-g,c
959,12B-g,c
397,12B-g,z
18,12B-h,c
437,12B-h,z
18,12B-i,c
959,12B-i,c
514,12B-i,z
18,12B-j,z
1056,12B-j,c
959,12B-j,c
18,12B-k,c
40,12B-k,c
584,12B-k,z
18,12B-l,c
1029,12B-l,z
18,12B-m,c
673,12B-m,z
18,12B1,c
40,12B1,k
930,12B1,d
967,12B1,d
1056,12B1,c
959,12B1,c
1098,12B1,k
817,12B1,k
678,12B1,k
205,12B1a,d
584,12B1a,d
585,12B1a,d
813,12B1a,d
844,12B1a,d
930,12B1a,c
967,12B1a,c
437,12B1a,d
466,12B1a,d
782,12B1a,d
2376,12B1a,d
673,12B1a,d
1078,12B1a,d
235,12B1a,c
1306,12B1a,c
2320,12B1a,c
1010,12B1a,d
930,12B1b,c
446,12B1b,c
1078,12B1b,c
968,12B1b,d
2320,12B1b,c
662,12B1b,d
205,12B1c,d
584,12B1c,c
585,12B1c,d
813,12B1c,d
844,12B1c,d
437,12B1c,d
466,12B1c,d
782,12B1c,d
2376,12B1c,d
673,12B1c,c
1306,12B1c,c
40,12B1d,c
584,12B1d,d
18,12B2,c
813,12B2,d
933,12B2,c
1161,12B2,d
1215,12B2,d
437,12B2,d
673,12B2,c
1311,12B2,k
841,12B2,k
2620,12B2,d
1306,12B2,c
79,12B2,d
40,12B2a,c
205,12B2a,c
244,12B2a,d
584,12B2a,d
1048,12B2a,c
1056,12B2a,c
2376,12B2a,c
641,12B2a,c
959,12B2a,c
631,12B2a,c
725,12B2a,d
40,12B2b,c
78,12B2b,d
859,12B2b,c
1058,12B2b,c
1056,12B2b,c
1350,12B2b,c
959,12B2b,c
583,12B2b,d
1097,12B2b,c
1057,12B2b,d
244,12B2c,d
2376,12B2c,d
641,12B2c,d
1006,12B2c,c
287,12B2c,d
581,12B2c,c
725,12B2c,d
683,12B2c,c
1300,12B2c,d
18,12B3,c
440,12B3,d
1006,12B3,c
520,12B3,c
581,12B3,c
683,12B3,c
1300,12B3,k
445,12B3,d
944,12B3,d
948,12B3,d
437,12B3a,c
446,12B3a,d
959,12B3a,d
2430,12B3a,c
725,12B3a,c
1306,12B3a,c
2320,12B3a,c
514,12B3a,d
756,12B3a,c
1057,12B3a,d
39,12B3a,d
637,12B3a,d
933,12B3b,d
287,12B3b,d
224,12B3b,d
761,12B3b,d
762,12B3b,d
1300,12B3c,c
18,12B4,c
1006,12B4,c
520,12B4,c
581,12B4,c
1306,12B4,c
958,12B4,d
224,12B4,d
683,12B4,c
445,12B4,d
761,12B4,c
877,12B4,k
944,12B4,d
948,12B4,d
933,12B4a,c
287,12B4a,d
727,12B4a,d
224,12B4a,c
944,12B4a,c
2319,12B4a,c
446,12B4b,d
631,12B4b,d
296,12B4b,c
1305,12B4b,d
514,12B4b,d
756,12B4b,d
1300,12B4b,c
91,12B4b,d
637,12B4b,d
89,13,c
1176,13,k
1146,13,c
89,13A,c
1176,13A,k
1146,13A,c
276,13A,k
952,13A1,d
1112,13A1,d
2642,13A1,c
2586,13A1,d
3064,13A1,c
1146,13A1,c
2759,13A1,d
2776,13A1,d
946,13A2,c
520,13A2,c
1921,13A2,c
518,13A2,c
557,13A2,c
621,13A2,c
761,13A2,c
1283,13A2,c
1474,13A2,c
1766,13A2,d
2290,13A2,d
799,13A2,c
298,13A2,c
941,13A2,d
949,13A2,d
1175,13A2,c
1261,13A2,d
693,13A2,c
82,13A2,c
150,13A2,c
198,13A2,c
218,13A2,c
431,13A2,c
829,13A2,d
955,13A2,c
1013,13A2,c
1136,13A2,c
1141,13A2,d
1147,13A2,c
1181,13A2,d
2554,13A2,d
2712,13A2,d
2713,13A2,d
2905,13A2,d
3073,13A2,d
669,14,k
367,14,k
2561,14,k
21,14,k
298,14,k
4458,14,k
1261,14,k
2954,14,k
1268,14,k
1164,14,k
1296,14,k
952,14-a,c
298,14-a,c
483,14-a,c
633,14-a,z
492,14-b,z
215,14-c,c
367,14-c,z
367,14-d,c
1545,14-d,c
2927,14-d,z
19,14-e,z
1094,14-e,c
1474,14-e,c
19,14-f,c
1094,14-f,c
1472,14-f,z
19,14-g,c
215,14-g,c
766,14-g,c
2679,14-g,z
1474,14-g,c
215,14-h,c
1089,14-h,c
938,14-h,z
693,14-h,c
215,14-i,z
50,14-i,z
215,14-j,z
2679,14-j,c
4146,14-j,c
4183,14-j,c
4718,14-j,c
174,14-k,z
215,14-k,c
1124,14-l,c
6459,14-l,z
174,14-l,c
1089,14-l,c
958,14-l,c
215,14-m,c
766,14-m,c
557,14-m,c
1083,14-m,z
693,14-m,c
174,14-n,c
2788,14-n,c
736,14-n,z
604,14-n,c
215,14-o,z
19,14-p,z
654,14-p,z
766,14-p,c
4,14-p,d
946,14-q,c
1094,14-q,c
91,14-q,z
4,14-q,c
19,14-r,c
1094,14-r,z
1474,14-r,c
19,14/a,c
174,14/a,c
1089,14/a,z
1474,14/a,c
215,14/b,c
2679,14/b,c
2636,14/b,z
946,14/d,c
19,14/d,c
1260,14/d,z
4,14/d,c
19,14/e,c
649,14/e,z
215,14/f,c
369,14/f,y
557,14/f,c
1021,14/f,z
1643,14/f,y
367,14A,c
2927,14A,d
4148,14A,d
4157,14A,d
4168,14A,d
4173,14A,d
4174,14A,d
4177,14A,d
4183,14A,d
4195,14A,d
4205,14A,k
4147,14A,k
9317,14A/a,y
367,14A/a,c
687,14A/a,z
1545,14A/a,c
2927,14A/a,c
2834,14A/a,y
2920,14A1,d
1545,14A1,d
2927,14A1,c
4161,14A1,d
4193,14A1,k
4199,14A1,d
4200,14A1,k
1235,14A1,k
4153,14A1,k
4582,14A1,k
2920,14A1a,d
1545,14A1a,c
4148,14A1a,d
4157,14A1a,c
4161,14A1a,d
4168,14A1a,c
4173,14A1a,c
4174,14A1a,c
4183,14A1a,c
4193,14A1a,d
4195,14A1a,d
4199,14A1a,d
4200,14A1a,c
4205,14A1a,c
4665,14A1a,d
4153,14A1a,d
4582,14A1a,d
215,14A2,c
727,14A2,d
766,14A2,d
2788,14A2,d
669,14A2,d
761,14A2,d
1380,14A2,d
21,14A2,d
4170,14A2,d
1381,14A2,d
4156,14A2,k
4169,14A2,c
4242,14A2,k
669,14A2a,c
50,14A2a,c
625,14A2a,c
4277,14A2a,c
2788,14A2b,c
557,14A2b,c
298,14A2b,d
481,14A2b,d
693,14A2b,c
931,14A2b,d
1268,14A2b,d
215,14B,c
2788,14B,d
50,14B,d
293,14B,d
367,14B,d
517,14B,d
557,14B,d
876,14B,d
2290,14B,d
298,14B,k
1381,14B,d
483,14B,d
1175,14B,c
1261,14B,d
1347,14B,d
482,14B,k
481,14B,k
693,14B,d
89,14B,d
931,14B,k
1146,14B,d
1141,14B,d
843,14B,d
3066,14B,k
215,14B1,c
2788,14B1,d
50,14B1,d
293,14B1,d
367,14B1,d
517,14B1,d
557,14B1,d
876,14B1,d
2290,14B1,d
298,14B1,k
1381,14B1,d
483,14B1,d
1175,14B1,c
1261,14B1,d
1347,14B1,d
482,14B1,k
481,14B1,k
693,14B1,d
89,14B1,d
931,14B1,k
1146,14B1,d
1141,14B1,d
843,14B1,d
3066,14B1,k
215,14B1a,c
2788,14B1a,c
50,14B1a,d
293,14B1a,d
367,14B1a,d
517,14B1a,d
557,14B1a,d
876,14B1a,d
2290,14B1a,d
1381,14B1a,d
483,14B1a,d
1175,14B1a,c
1261,14B1a,d
1347,14B1a,d
693,14B1a,d
89,14B1a,d
1146,14B1a,d
1141,14B1a,d
843,14B1a,d
2642,14B1b,c
2788,14B1b,c
557,14B1b,c
4170,14B1b,c
4169,14B1b,c
4186,14B1b,c
4205,14B1b,d
4458,14B1b,d
693,14B1b,c
2695,14B1b,d
2954,14B1b,d
654,14B1c,d
727,14B1c,d
669,14B1c,d
625,14B1c,d
2561,14B1c,c
71,14B1c,d
89,14B1c,d
1371,14B1c,d
654,14B1d,d
727,14B1d,d
367,14B1d,c
625,14B1d,d
71,14B1d,d
161,14B1d,d
410,14B1d,d
166,14B1d,d
693,14B1d,c
1146,14B1d,c
44,14B1d,d
99,14B1d,d
105,14B1d,d
827,14B1d,d
953,14B1d,d
1202,14B1d,c
1205,14B1d,d
66,14C,d
946,14C,d
19,14C,c
654,14C,d
1299,14C,d
669,14C,d
1284,14C,d
1094,14C,c
367,14C,d
621,14C,d
1474,14C,d
1545,14C,d
2927,14C,d
1261,14C,d
1298,14C,d
20,14C,k
1268,14C,d
1164,14C,d
1296,14C,d
524,14C,k
1007,14C,d
1165,14C,k
523,14C,k
66,14C1,d
946,14C1,d
19,14C1,c
654,14C1,d
897,14C1,k
1299,14C1,d
669,14C1,d
1284,14C1,d
1094,14C1,c
367,14C1,d
621,14C1,d
1474,14C1,d
1545,14C1,d
21,14C1,k
2927,14C1,d
1261,14C1,d
1298,14C1,d
20,14C1,k
1268,14C1,d
1164,14C1,d
1296,14C1,d
524,14C1,k
1007,14C1,d
1165,14C1,k
523,14C1,k
654,14C1a,c
4,14C1a,d
161,14C1a,d
1296,14C1a,d
66,14D,d
946,14D,d
19,14D,d
520,14D,c
654,14D,d
766,14D,d
897,14D,d
1299,14D,d
2976,14D,d
958,14D,d
1284,14D,k
1094,14D,c
557,14D,d
621,14D,d
761,14D,d
1283,14D,d
1474,14D,d
4,14D,c
292,14D,d
609,14D,k
941,14D,d
1045,14D,d
1261,14D,d
1411,14D,d
1298,14D,d
198,14D,k
218,14D,d
1164,14D,k
1296,14D,d
404,14D,k
1007,14D,d
1308,14D,k
946,14D-a,c
654,14D-a,c
1299,14D-a,c
1392,14D-a,z
19,14D-b,c
4,14D-b,c
1045,14D-b,c
612,14D-b,z
631,14D-c,c
1040,14D-c,c
1093,14D-c,c
91,14D-c,c
518,14D-c,c
1283,14D-c,c
1474,14D-c,c
198,14D-c,c
1280,14D-c,y
1379,14D-c,y
19,14D-d,c
215,14D-d,c
766,14D-d,c
557,14D-d,z
1474,14D-d,c
946,14D1,c
19,14D1,c
186,14D1,d
654,14D1,c
897,14D1,d
3151,14D1,d
669,14D1,d
1284,14D1,k
367,14D1,d
621,14D1,c
625,14D1,d
1199,14D1,d
1474,14D1,c
1545,14D1,d
21,14D1,d
2927,14D1,d
198,14D1,c
2954,14D1,d
1268,14D1,d
524,14D1,d
66,14D2,c
631,14D2,d
946,14D2,c
19,14D2,c
2976,14D2,c
1040,14D2,d
1093,14D2,d
1258,14D2,d
91,14D2,k
557,14D2,c
621,14D2,c
1199,14D2,d
1545,14D2,d
292,14D2,c
941,14D2,c
198,14D2,c
404,14D2,k
946,14D3,c
557,14D3,c
799,14D3,d
298,14D3,d
292,14D3,c
384,14D3,d
483,14D3,d
485,14D3,d
609,14D3,k
1175,14D3,c
1347,14D3,d
1917,14D3,d
1500,14D3,d
89,14D3,d
1298,14D3,d
1176,14D3,d
1013,14D3,d
1180,14D3,k
1181,14D3,d
98,14D3,d
1308,14D3,d
1361,14D3,k
66,14D3a,d
654,14D3a,c
766,14D3a,c
897,14D3a,d
2653,14D3a,d
669,14D3a,d
367,14D3a,d
621,14D3a,c
21,14D3a,d
2954,14D3a,d
1268,14D3a,d
1164,14D3a,d
390,14D3b,d
520,14D3b,c
958,14D3b,c
1921,14D3b,c
394,14D3b,d
350,14D3b,d
13,14D3b,d
1283,14D3b,c
2290,14D3b,d
485,14D3b,c
571,14D3b,d
798,14D3b,c
949,14D3b,d
604,14D3b,c
1136,14D3b,d
1181,14D3b,c
196,14D3b,d
492,14D3b,d
500,14D3b,d
946,14D4,c
19,14D4,c
215,14D4,c
520,14D4,c
654,14D4,c
958,14D4,c
350,14D4,d
557,14D4,c
944,14D4,d
21,14D4,d
161,14D4,c
483,14D4,d
1347,14D4,d
1917,14D4,d
693,14D4,d
89,14D4,d
1298,14D4,d
1307,14D4,k
1308,14D4,d
1124,14E,d
174,14E,c
215,14E,c
2788,14E,c
2679,14E,d
232,14E,d
269,14E,d
621,14E,d
963,14E,d
1283,14E,d
1382,14E,d
1388,14E,k
1474,14E,c
876,14E,d
2290,14E,c
1381,14E,d
941,14E,d
1261,14E,c
1411,14E,d
693,14E,d
1298,14E,d
218,14E,d
604,14E,d
1141,14E,d
1204,14E,d
566,14E,d
843,14E,d
1263,14E,k
766,14E-a,c
1089,14E-a,c
557,14E-a,c
1355,14E-a,c
529,14E-a,z
1124,14E1,d
174,14E1,c
766,14E1,c
2788,14E1,c
958,14E1,c
2679,14E1,d
232,14E1,d
269,14E1,d
557,14E1,c
761,14E1,c
963,14E1,d
1382,14E1,d
1388,14E1,k
1474,14E1,c
876,14E1,d
2290,14E1,c
1381,14E1,d
941,14E1,d
1261,14E1,c
693,14E1,d
218,14E1,d
604,14E1,d
1141,14E1,d
1204,14E1,d
566,14E1,d
843,14E1,d
1263,14E1,k
1124,14E1a,d
174,14E1a,c
766,14E1a,c
2788,14E1a,c
958,14E1a,c
2679,14E1a,d
232,14E1a,d
269,14E1a,d
557,14E1a,c
761,14E1a,c
963,14E1a,d
1382,14E1a,d
1474,14E1a,c
876,14E1a,d
2290,14E1a,c
1381,14E1a,d
941,14E1a,d
1261,14E1a,c
693,14E1a,d
218,14E1a,d
604,14E1a,d
1141,14E1a,d
1204,14E1a,d
566,14E1a,d
843,14E1a,d
2642,14E1b,d
1368,14E1b,c
2679,14E1b,c
1355,14E1b,c
4170,14E1b,c
2290,14E1b,c
4148,14E1b,d
4169,14E1b,c
4186,14E1b,c
693,14E1b,c
66,14E1c,c
631,14E1c,d
946,14E1c,c
19,14E1c,d
654,14E1c,d
1766,14E1c,d
4,14E1c,d
292,14E1c,c
604,14E1c,c
71,15,k
485,15,k
1128,15,k
693,15,k
284,15,k
603,15,k
695,15,k
1136,15,k
1147,15,k
3041,15,k
492,15,k
2979,15,k
628,15,k
390,15-a,c
153,15-a,c
1766,15-a,c
319,15-a,c
604,15-a,c
1015,15-a,z
946,15-b,c
1766,15-b,c
941,15-b,c
150,15-b,z
1136,15-b,c
174,15-c,z
215,15-c,c
766,15-c,c
2679,15-c,c
693,15-c,c
174,15-d,c
1083,15-d,z
693,15-d,c
174,15-e,c
1089,15-e,c
958,15-e,c
736,15-e,z
369,15/a,y
1021,15/a,y
1643,15/a,y
946,15A,c
520,15A,c
330,15A,k
269,15A,k
1045,15A,k
604,15A,c
51,15A,k
1015,15A,k
446,15A1,c
66,15A1,d
654,15A1,d
1299,15A1,d
2976,15A1,d
958,15A1,c
350,15A1,d
153,15A1,d
557,15A1,c
761,15A1,c
877,15A1,d
4,15A1,c
2561,15A1,d
726,15A1,d
298,15A1,d
161,15A1,d
292,15A1,c
384,15A1,d
485,15A1,c
798,15A1,k
949,15A1,d
1045,15A1,c
1128,15A1,k
1175,15A1,d
1312,15A1,d
1347,15A1,d
1953,15A1,d
1298,15A1,d
1136,15A1,d
1147,15A1,d
98,15A1,d
492,15A1,d
907,15A1,d
1364,15A1,k
19,15A1a,d
215,15A1a,d
766,15A1a,c
621,15A1a,c
1283,15A1a,c
941,15A1a,c
218,15A1a,d
1013,15A1a,d
1181,15A1a,d
1296,15A1a,d
1361,15A1a,d
390,15A1b,c
96,15A1b,c
550,15A1b,d
1312,15A1b,c
1106,15A1b,d
159,15A1b,d
215,15A2,d
654,15A2,d
766,15A2,c
1089,15A2,c
2788,15A2,d
958,15A2,c
550,15A2,c
1066,15A2,d
2679,15A2,d
394,15A2,c
50,15A2,d
557,15A2,c
625,15A2,d
761,15A2,c
963,15A2,d
1283,15A2,c
1355,15A2,d
2561,15A2,d
4170,15A2,d
876,15A2,d
938,15A2,c
71,15A2,k
298,15A2,d
4169,15A2,d
4186,15A2,d
2337,15A2,d
693,15A2,c
1298,15A2,d
1371,15A2,d
1204,15A2,k
105,15A2,d
902,15A2,d
907,15A2,d
1205,15A2,d
51,15A2,k
654,15A2a,c
2788,15A2a,c
298,15A2a,c
1175,15A2a,c
931,15A2a,d
1296,15A2a,d
1124,15A2b,d
66,15A2b,d
2942,15A2b,d
269,15A2b,d
621,15A2b,c
625,15A2b,c
963,15A2b,c
1034,15A2b,d
529,15A2b,d
2977,15A2b,d
978,15A2b,c
330,15A3,k
394,15A3,c
747,15A3,c
13,15A3,d
153,15A3,c
232,15A3,c
269,15A3,c
593,15A3,d
608,15A3,d
621,15A3,c
761,15A3,c
963,15A3,d
1283,15A3,c
1766,15A3,c
2660,15A3,d
4,15A3,c
876,15A3,d
726,15A3,c
692,15A3,c
2626,15A3,d
319,15A3,c
941,15A3,c
949,15A3,c
1312,15A3,d
150,15A3,c
198,15A3,d
218,15A3,d
284,15A3,c
553,15A3,d
603,15A3,d
695,15A3,k
894,15A3,c
961,15A3,d
1136,15A3,c
1147,15A3,c
1923,15A3,d
3184,15A3,d
567,15A3,k
157,15A3,d
565,15A3,k
880,15A3,d
888,15A3,d
205,16,k
631,16,k
2430,16,k
1017,16,k
1040,16,k
1093,16,k
715,16,k
1137,16,k
1369,16,k
386,16,k
889,16,k
1766,16,k
135,16,k
466,16-a,y
763,16-a,y
1056,16-a,c
631,16-a,z
772,16-a,y
1093,16-a,c
670,16-b,z
66,16-b,c
631,16-b,c
1040,16-b,c
1093,16-b,c
631,16-c,c
1040,16-c,c
1093,16-c,c
941,16-c,c
1280,16-c,y
1379,16-c,y
244,16-d,y
1048,16-d,y
1056,16-d,c
631,16-d,c
1544,16-d,y
40,16-e,z
1056,16-e,c
959,16-e,c
631,16-e,c
397,16-e,z
763,16-f,y
66,16-f,c
631,16-f,c
946,16-f,c
520,16-f,c
772,16-f,y
1306,16-f,c
1040,16-f,c
1921,16-f,c
386,16-f,z
1056,16-g,z
631,16-g,c
946,16-g,z
520,16-g,c
1921,16-g,z
18,16-h,c
631,16-h,c
520,16-h,z
683,16-h,z
66,16-i,c
631,16-i,c
19,16-i,z
520,16-i,c
654,16-i,z
1306,16-i,c
631,16-j,c
173,16-j,z
18,16-k,c
631,16-l,z
519,16-l,y
756,16-l,y
959,16-m,z
756,16-m,z
446,16-n,c
390,16-n,c
325,16-n,z
446,16-o,c
390,16-o,c
412,16-o,z
631,16-p,c
946,16-p,c
1040,16-p,c
1137,16-p,z
19,16-q,c
91,16-q,z
18,16-r,c
680,16-r,z
631,16-r,c
1101,16/a,z
756,16/a,c
446,16/b,c
631,16/b,c
331,16/b,z
446,16/c,z
959,16/c,c
390,16/c,c
631,16/c,c
1040,16/c,c
958,16/c,c
959,16/e,c
390,16/e,c
607,16/e,y
1321,16/e,y
70,16/e,z
96,16/e,c
335,16/f,c
1117,16/f,y
1119,16/f,y
369,16/g,y
1021,16/g,y
1643,16/g,y
390,16/h,c
520,16/h,c
1089,16/h,y
1634,16/h,y
244,16A,d
933,16A,d
466,16A,d
763,16A,d
2376,16A,d
679,16A,k
785,16A,d
641,16A,d
670,16A,d
784,16A,d
2620,16A,d
248,16A,d
832,16A,d
1544,16A,d
556,16A,d
220,16A,d
246,16A,d
335,16A,d
568,16A,d
1008,16A,d
1174,16A,d
2653,16A,d
2976,16A,d
5,16A,d
60,16A,d
526,16A,d
890,16A,d
1385,16A,d
651,16A,d
1066,16A,d
1258,16A,k
1332,16A,d
1933,16A,d
2316,16A,d
1199,16A,d
1616,16A,d
1389,16A,d
679,16A-a,y
66,16A-a,c
248,16A-a,y
631,16A-a,c
832,16A-a,c
1008,16A-a,c
1040,16A-a,c
1258,16A-a,y
832,16A-b,c
1544,16A-b,c
2923,16A-b,y
2679,16A-b,y
2810,16A-b,y
679,16A-c,c
66,16A-c,c
631,16A-c,c
1544,16A-c,z
466,16A-d,c
763,16A-d,c
679,16A-d,c
785,16A-d,y
784,16A-d,y
173,16A-d,y
335,16A-d,c
1008,16A-d,c
5,16A-d,y
1275,16A-d,y
3239,16A-e,y
248,16A-e,c
832,16A-e,z
1008,16A-e,c
3015,16A-e,y
670,16A-f,z
784,16A-f,c
3239,16A-f,y
631,16A-f,c
1544,16A-f,c
2995,16A-f,y
335,16A-f,c
3015,16A-f,y
3023,16A-f,y
1048,16A-g,c
631,16A-g,c
2213,16A-g,y
335,16A-g,c
248,16A1,c
832,16A1,c
332,16A1,k
1008,16A1,c
1258,16A1,c
153,16A1,d
232,16A1,d
236,16A1,k
255,16A1,k
950,16A1,d
1562,16A1,d
66,16A1a,c
248,16A1a,c
832,16A1a,c
1544,16A1a,c
1008,16A1a,c
1258,16A1a,c
153,16A1a,d
232,16A1a,d
950,16A1a,d
1562,16A1a,d
66,16A1b,c
631,16A1b,c
946,16A1b,c
335,16A1b,c
473,16A1b,d
520,16A1b,c
1933,16A1b,c
857,16A1b,d
1199,16A1b,c
1380,16A1b,d
1474,16A1b,c
549,16A1b,d
346,16A1c,d
929,16A1c,c
933,16A1c,c
785,16A1c,c
641,16A1c,c
784,16A1c,c
821,16A1c,d
2620,16A1c,c
688,16A1c,d
1544,16A1c,c
239,16A1c,d
923,16A1c,d
175,16A1c,d
217,16A1c,d
466,16A1d,c
785,16A1d,c
261,16A1d,d
2620,16A1d,d
556,16A1d,c
335,16A1d,c
461,16A1d,d
473,16A1d,d
921,16A1d,c
748,16A1d,d
1637,16A1d,d
884,16A1d,d
223,16A1d,d
593,16A1d,d
942,16A1d,d
886,16A1d,d
763,16A2,c
670,16A2,k
66,16A2,c
631,16A2,c
556,16A2,d
19,16A2,c
654,16A2,d
766,16A2,d
772,16A2,d
1174,16A2,k
1040,16A2,c
1933,16A2,c
1616,16A2,c
763,16A2a,c
66,16A2a,c
631,16A2a,c
556,16A2a,d
19,16A2a,c
654,16A2a,d
766,16A2a,d
772,16A2a,d
1040,16A2a,c
1933,16A2a,c
1616,16A2a,c
335,16A2b,d
890,16A2b,d
651,16A2b,d
886,16A2b,d
205,16B,c
244,16B,d
844,16B,d
933,16B,d
466,16B,d
763,16B,d
2376,16B,d
225,16B,d
785,16B,d
641,16B,d
670,16B,d
784,16B,d
2620,16B,d
688,16B,d
631,16B,c
556,16B,d
246,16B,d
296,16B,d
335,16B,d
725,16B,d
772,16B,k
2653,16B,d
2976,16B,d
5,16B,d
60,16B,d
526,16B,d
890,16B,d
1093,16B,c
1160,16B,k
2338,16B,k
373,16B,k
519,16B,d
651,16B,d
1066,16B,d
1183,16B,k
1332,16B,d
886,16B,k
259,16B-a,c
933,16B-a,c
66,16B-a,c
335,16B-a,c
772,16B-a,y
2976,16B-a,c
890,16B-a,y
889,16B-a,y
466,16B-b,y
763,16B-b,y
1056,16B-b,c
2376,16B-b,c
225,16B-b,y
66,16B-b,c
631,16B-b,c
556,16B-b,y
335,16B-b,c
772,16B-b,z
1040,16B-b,c
1093,16B-b,c
763,16B-c,c
1333,16B-c,y
631,16B-c,c
335,16B-c,c
60,16B-c,y
526,16B-c,z
1093,16B-c,c
1056,16B-d,c
212,16B-d,y
211,16B-d,y
225,16B-d,c
631,16B-d,c
335,16B-d,c
772,16B-d,c
526,16B-d,c
1040,16B-d,c
933,16B-e,c
688,16B-e,z
66,16B-e,c
631,16B-e,c
335,16B-e,c
959,16B-f,c
631,16B-f,c
469,16B-f,z
526,16B-f,c
930,16B/a,y
933,16B/a,y
631,16B/a,c
772,16B/a,c
60,16B/a,c
205,16B/b,c
584,16B/b,z
1056,16B/b,c
959,16B/b,c
631,16B/b,c
585,16B/c,z
763,16B/c,c
1056,16B/c,c
959,16B/c,c
631,16B/c,c
244,16B1,d
463,16B1,d
844,16B1,d
1048,16B1,d
782,16B1,d
1056,16B1,c
2376,16B1,c
959,16B1,d
66,16B1,d
1544,16B1,d
520,16B1,d
725,16B1,d
526,16B1,c
1305,16B1,d
519,16B1,d
1066,16B1,d
1183,16B1,k
1254,16B1,d
244,16B1a,d
463,16B1a,d
844,16B1a,d
1048,16B1a,d
782,16B1a,d
1056,16B1a,c
2376,16B1a,c
959,16B1a,d
66,16B1a,d
1544,16B1a,d
520,16B1a,d
725,16B1a,d
526,16B1a,c
1305,16B1a,d
519,16B1a,d
1066,16B1a,d
1254,16B1a,d
18,16B1b,d
40,16B1b,d
584,16B1b,d
844,16B1b,c
869,16B1b,d
763,16B1b,c
673,16B1b,d
1306,16B1b,c
267,16B1c,d
681,16B1c,d
346,16B1d,d
260,16B1d,d
821,16B1d,d
214,16B1d,d
679,16B1e,d
66,16B1e,c
248,16B1e,d
556,16B1e,d
520,16B1e,c
1066,16B1e,c
1332,16B1e,d
1933,16B1e,d
211,16B1f,d
237,16B1f,d
463,16B2,d
844,16B2,d
466,16B2,c
1056,16B2,c
212,16B2,c
959,16B2,d
66,16B2,d
556,16B2,d
296,16B2,c
335,16B2,c
56,16B2,d
60,16B2,c
526,16B2,c
1014,16B2,d
373,16B2,k
334,16B2,k
519,16B2,d
1066,16B2,d
1610,16B2,d
578,16B2,d
969,16B2,k
66,16B3,c
946,16B3,c
2430,16B3,c
296,16B3,c
654,16B3,c
727,16B3,d
766,16B3,c
2976,16B3,c
1040,16B3,c
1305,16B3,c
1066,16B3,d
879,16B3,d
2316,16B3,d
386,16B3,c
761,16B3,d
889,16B3,k
1067,16B3,d
135,16B3,c
844,16B4,d
930,16B4,d
466,16B4,c
782,16B4,d
1056,16B4,c
959,16B4,d
1101,16B4,d
235,16B4,d
296,16B4,c
11,16B4,d
526,16B4,c
1160,16B4,k
514,16B4,d
446,16C,d
462,16C,d
390,16C,k
932,16C,k
296,16C,c
331,16C,d
725,16C,d
1029,16C,d
1299,16C,k
607,16C,d
1040,16C,c
2402,16C,d
70,16C,d
1259,16C,d
1305,16C,c
958,16C,d
42,16C,k
96,16C,k
514,16C,d
519,16C,d
350,16C,d
4,16C,d
717,16C,d
135,16C,k
319,16C,k
271,16C,k
325,16C,d
637,16C,d
1312,16C,k
2337,16C,d
896,16C,d
535,16C,d
390,16C-a,c
96,16C-a,c
922,16C-a,y
938,16C-a,y
1185,16C-a,z
959,16C-b,c
1299,16C-b,c
1305,16C-b,c
756,16C-b,c
162,16C-b,z
446,16C-c,c
2402,16C-c,y
4,16C-c,c
35,16C-c,y
896,16C-c,y
535,16C-c,y
466,16C-d,y
1056,16C-d,c
225,16C-d,y
959,16C-d,c
772,16C-d,y
1040,16C-d,c
1093,16C-d,c
42,16C-d,z
631,16C-e,c
19,16C-e,c
612,16C-e,z
446,16C-f,c
390,16C-f,y
96,16C-f,y
1056,16C-g,c
959,16C-g,c
296,16C-g,c
756,16C-g,c
161,16C-g,z
390,16C-h,c
514,16C-h,z
1056,16C-i,c
959,16C-i,c
725,16C-i,c
1306,16C-i,c
1040,16C-i,c
756,16C-i,c
637,16C-i,z
1056,16C-j,c
446,16C-j,z
959,16C-j,c
390,16C-j,c
42,16C-j,z
756,16C-j,c
959,16C-k,c
390,16C-k,y
1040,16C-k,c
70,16C-k,z
42,16C-k,y
96,16C-k,y
946,16C-l,c
1766,16C-l,y
1045,16C-l,y
1015,16C-l,z
1056,16C-m,c
959,16C-m,z
631,16C-m,c
1040,16C-m,c
1093,16C-m,c
42,16C-m,z
18,16C1,d
205,16C1,c
930,16C1,d
1056,16C1,c
959,16C1,c
631,16C1,c
725,16C1,c
1306,16C1,c
1093,16C1,c
2402,16C1,c
1043,16C1,d
42,16C1,c
1610,16C1,d
532,16C1,k
18,16C1a,d
205,16C1a,c
930,16C1a,d
1056,16C1a,c
959,16C1a,c
66,16C1a,c
631,16C1a,c
946,16C1a,c
725,16C1a,c
1306,16C1a,c
1093,16C1a,c
2402,16C1a,c
1043,16C1a,d
42,16C1a,c
1610,16C1a,d
135,16C1a,c
211,16C1b,d
225,16C1b,d
772,16C1b,d
2338,16C1b,d
967,16C2,c
782,16C2,d
1056,16C2,c
211,16C2,d
446,16C2,c
225,16C2,d
959,16C2,c
946,16C2,c
1306,16C2,c
2567,16C2,d
526,16C2,c
1093,16C2,c
1259,16C2,d
1305,16C2,c
42,16C2,c
519,16C2,c
550,16C2,d
715,16C2,c
756,16C2,c
1137,16C2,k
1275,16C2,d
1610,16C2,d
557,16C2,d
1766,16C2,c
4,16C2,c
135,16C2,c
371,16C2,c
1200,16C2,k
946,16C3,c
1306,16C3,c
1351,16C3,d
958,16C3,c
96,16C3,k
550,16C3,d
756,16C3,c
761,16C3,d
1766,16C3,c
4,16C3,c
2290,16C3,d
799,16C3,d
35,16C3,d
1954,16C3,k
42,16C3a,d
319,16C3a,d
940,16C3b,d
692,16C3b,d
371,16C3b,d
928,16C3b,d
66,16C3c,c
631,16C3c,c
19,16C3c,c
520,16C3c,d
654,16C3c,c
727,16C3c,d
153,16C3c,d
557,16C3c,d
621,16C3c,d
761,16C3c,c
319,16C3c,d
292,16C3c,d
372,16C3c,d
1045,16C3c,d
1312,16C3c,d
198,16C3c,d
604,16C3c,d
1136,16C3c,d
612,16C3c,d
1382,16C3d,d
384,16C3d,d
798,16C3d,d
941,16C3d,d
949,16C3d,d
1128,16C3d,d
693,16C3d,d
604,16C3d,d
1136,16C3d,d
726,16C3e,d
692,16C3e,d
941,16C3e,d
949,16C3e,d
1128,16C3e,d
284,16C3e,d
604,16C3e,d
1147,16C3e,d
196,16C3e,d
1106,16C3e,d
1056,16C4,d
725,16C4,d
756,16C4,c
386,16C4,k
135,16C4,c
1056,16C4a,d
959,16C4a,c
725,16C4a,d
1306,16C4a,c
756,16C4a,c
135,16C4a,c
959,16C4b,c
390,16C4b,d
1306,16C4b,c
557,16C4b,d
877,16C4b,d
4,16C4b,c
485,16C4b,d
949,16C4b,d
209,16C4b,d
66,16C4c,d
727,16C4c,d
766,16C4c,d
1306,16C4c,c
153,16C4c,d
292,16C4c,d
372,16C4c,d
198,16C4c,d
612,16C4c,d
946,16C4d,c
520,16C4d,c
557,16C4d,d
761,16C4d,c
877,16C4d,d
1766,16C4d,c
4,16C4d,c
2290,16C4d,d
726,16C4d,d
384,16C4d,d
485,16C4d,d
798,16C4d,d
941,16C4d,d
949,16C4d,d
1045,16C4d,d
1128,16C4d,d
1312,16C4d,d
209,16C4d,d
604,16C4d,d
1136,16C4d,d
492,16C4d,d
946,16C4e,c
520,16C4e,c
330,16C4e,d
747,16C4e,d
153,16C4e,d
232,16C4e,d
557,16C4e,d
761,16C4e,c
877,16C4e,d
1766,16C4e,c
4,16C4e,c
726,16C4e,d
799,16C4e,d
485,16C4e,d
941,16C4e,d
949,16C4e,d
1045,16C4e,d
209,16C4e,d
150,16C4e,d
218,16C4e,d
604,16C4e,d
1136,16C4e,d
1147,16C4e,d
1015,16C4e,d
191,16C4e,d
18,16C4f,c
959,16C4f,c
1306,16C4f,c
224,16C4f,d
683,16C4f,d
1300,16C4f,d
1057,16C4f,d
637,16C4f,d
663,17,k
1382,17,k
1143,17,k
1339,17,k
520,17A,c
1089,17A,c
369,17A,c
13,17A,k
1089,17A-a,z
1124,17A-b,c
1089,17A-b,c
529,17A-b,z
390,17A1,c
946,17A1,c
355,17A1,d
96,17A1,d
394,17A1,d
13,17A1,c
1766,17A1,d
4,17A1,d
1185,17A1,k
799,17A1,d
1312,17A1,d
150,17A1,d
339,17A1,d
894,17A1,k
402,17A1,k
118,17A1,k
716,17A1,k
490,17A2,d
1124,17A2,d
174,17A2,c
215,17A2,d
958,17A2,c
557,17A2,c
1355,17A2,d
1382,17A2,c
1064,17A2,d
736,17A2,c
2290,17A2,d
385,17A2,d
489,17A2,d
965,17A2,k
752,17A2,k
632,18,k
804,18,k
618,18,k
5303,18,k
632,18-a,z
618,18-a,c
632,18-b,c
1022,18-b,z
632,18/a,c
606,18/a,z
632,18A,k
804,18A,k
618,18A,k
5303,18A,k
804,18A-a,z
618,18A-a,c
398,18A1,c
530,18A1,c
1037,18A1,c
2924,18A1,d
1227,18A1,c
759,18A1,c
2788,18A1,d
2820,18A1,d
1222,18A1,d
786,18A1,c
2679,18A1,d
1022,18A1,d
804,18A1,c
549,18A1,d
618,18A1,c
251,18A1,c
650,18A1,k
1329,18A1,c
978,18A1,d
1273,18A1,k
711,18A1,k
784,18A2,d
390,18A2,d
631,18A2,d
946,18A2,d
19,18A2,c
520,18A2,c
654,18A2,d
1093,18A2,d
958,18A2,d
1094,18A2,c
4,18A2,d
624,18A2,k
1008,19,c
857,19,k
1199,19,k
1474,19,c
1008,19-a,c
857,19-a,z
186,19-b,c
398,19-b,c
1094,19-b,c
2927,19-b,z
19,19-c,z
398,19-c,y
857,19-c,y
398,19-d,z
832,19-e,z
1124,19-f,y
1008,19-f,c
1117,19-f,y
19,19-g,c
1094,19-g,z
680,19-h,z
832,19-h,c
61,19A,k
950,19A,k
1380,19A,k
148,19A,k
1240,19A,k
766,19A-a,c
1008,19A-a,c
963,19A-a,z
1199,19A-a,c
1380,19A-a,c
1474,19A-a,c
66,19A-b,c
1008,19A-b,c
890,19A-b,y
879,19A-b,y
950,19A-b,y
1616,19A-b,y
766,19A-c,c
1199,19A-c,c
1380,19A-c,z
398,19A-d,z
549,19A-d,y
251,19A-d,y
832,19A1,d
19,19A1,c
186,19A1,c
398,19A1,d
473,19A1,d
1933,19A1,d
1094,19A1,d
93,19A1,d
558,19A1,d
687,19A1,d
962,19A1,d
549,19A1,k
618,19A1,d
251,19A1,c
244,19A2,d
1124,19A2,d
248,19A2,d
832,19A2,c
1544,19A2,d
186,19A2,c
418,19A2,d
473,19A2,c
568,19A2,c
1258,19A2,d
1933,19A2,d
93,19A2,d
558,19A2,d
687,19A2,d
924,19A2,k
962,19A2,k
1616,19A2,d
2792,19A2,d
3001,19A2,d
549,19A2,d
618,19A2,d
251,19A2,d
1153,19A2,d
885,19A2,d
1124,19A3,d
66,19A3,c
631,19A3,c
946,19A3,d
174,19A3,d
215,19A3,d
296,19A3,d
727,19A3,d
766,19A3,c
1017,19A3,c
1306,19A3,d
2679,19A3,d
2942,19A3,c
747,19A3,d
2316,19A3,d
61,19A3,d
621,19A3,d
761,19A3,c
963,19A3,c
1355,19A3,d
1380,19A3,c
148,19A3,d
563,19A3,k
66,19A4,c
631,19A4,d
946,19A4,c
19,19A4,c
520,19A4,c
766,19A4,c
1093,19A4,c
330,19A4,d
1258,19A4,c
747,19A4,d
153,19A4,d
557,19A4,c
621,19A4,d
625,19A4,d
649,19A4,c
761,19A4,c
963,19A4,c
1766,19A4,c
4,19A4,c
251,19A4,d
726,19A4,c
560,19A4,d
692,19A4,d
319,19A4,d
941,19A4,c
1045,19A4,d
1312,19A4,d
150,19A4,c
198,19A4,c
218,19A4,d
604,19A4,d
1136,19A4,d
1140,19A4,d
344,19A4,k
1244,19A4,k
186,20,k
447,20,k
558,20,k
2792,20,k
775,20,k
4168,20,k
1124,20-a,z
174,20-a,c
447,20-a,c
1033,20-a,y
1034,20-a,y
834,20-a,y
186,20-b,c
398,20-b,z
139,20-c,c
186,20-c,c
1140,20-c,z
139,20/a,c
186,20/a,c
1319,20/a,z
186,20A,k
447,20A,k
558,20A,k
2792,20A,k
775,20A,k
4168,20A,k
186,20A-a,c
398,20A-a,z
549,20A-a,y
251,20A-a,y
186,20A1,k
2920,20A1,d
2923,20A1,d
2679,20A1,d
558,20A1,k
1474,20A1,d
2683,20A1,d
251,20A1,d
3448,20A1,d
379,20A1,k
560,20A1,k
2927,20A1,d
776,20A1,k
2920,20A1a,d
2923,20A1a,d
2679,20A1a,d
1474,20A1a,d
2683,20A1a,d
251,20A1a,d
3448,20A1a,d
2927,20A1a,d
2920,20A1b,c
2634,20A1b,c
2637,20A1b,d
4155,20A1b,c
3335,20A1b,d
4161,20A1b,d
4177,20A1b,c
4183,20A1b,c
4190,20A1b,c
447,20A1c,d
2920,20A1c,c
2679,20A1c,c
1474,20A1c,c
2637,20A1c,d
2678,20A1c,d
2792,20A1c,c
2907,20A1c,c
4155,20A1c,d
3396,20A1c,d
3335,20A1c,d
4173,20A1c,d
4183,20A1c,c
832,20A1d,d
473,20A1d,d
1008,20A1d,d
3151,20A1d,d
558,20A1d,c
857,20A1d,d
1199,20A1d,d
1474,20A1d,c
560,20A1d,c
186,20A2,c
398,20A2,d
473,20A2,c
2679,20A2,c
2634,20A2,d
2792,20A2,c
2810,20A2,d
2907,20A2,c
804,20A2,d
2683,20A2,d
3448,20A2,d
1329,20A2,c
356,20A2,k
186,20A2a,c
398,20A2a,d
473,20A2a,c
447,20A2a,d
2679,20A2a,c
1331,20A2a,c
2634,20A2a,d
2792,20A2a,c
2810,20A2a,d
2907,20A2a,c
804,20A2a,d
2683,20A2a,d
3448,20A2a,d
1329,20A2a,c
1329,20A2b,c
447,20A3,k
2679,20A3,c
2792,20A3,c
266,20A3a,d
174,20A3a,d
186,20A3a,c
215,20A3a,c
473,20A3a,c
1008,20A3a,d
2679,20A3a,c
558,20A3a,d
561,20A3a,d
761,20A3a,d
1199,20A3a,d
2792,20A3a,c
186,20A3b,c
215,20A3b,c
50,20A3b,d
1474,20A3b,c
4155,20A3b,c
4148,20A3b,d
4173,20A3b,c
4174,20A3b,d
4183,20A3b,c
215,20A3c,c
654,20A3c,d
3384,20A3c,d
2942,20A3c,d
50,20A3c,c
625,20A3c,c
761,20A3c,d
1355,20A3c,d
1380,20A3c,d
978,20A3c,c
88,20A3c,d
1124,20A3d,c
174,20A3d,d
447,20A3d,c
121,22,c
122,22,k
138,22,k
172,22,k
368,22,k
172,22-a,z
121,22A,c
122,22A,k
138,22A,k
172,22A,k
368,22A,k
121,22A1,c
795,22A1,c
445,22A1,d
122,22A1,k
121,22A1a,c
795,22A1a,c
445,22A1a,c
446,22A1b,d
1006,22A1b,d
188,22A1b,d
331,22A1b,d
1224,22A1b,d
1225,22A1b,d
1306,22A1b,d
546,22A1b,d
1250,22A1b,d
756,22A1b,d
50,22B,d
443,22B,d
444,22B,c
634,22B,d
172,22B,c
120,22B,k
580,22B,k
1127,22B,k
634,22B-a,z
50,22B1,d
443,22B1,d
444,22B1,c
634,22B1,d
172,22B1,c
120,22B1,k
580,22B1,k
1127,22B1,k
50,22B1a,d
443,22B1a,d
444,22B1a,c
634,22B1a,d
172,22B1a,c
443,22B1b,c
634,22B1b,c
124,22B1b,c
50,23,k
517,23,k
2025,23,d
443,23,k
189,23,k
444,23,k
486,23,k
497,23,k
2004,23,d
215,23-a,z
50,23-a,z
443,23A,d
444,23A,k
634,23A,d
172,23A,d
1127,23A,d
443,23A1,d
444,23A1,k
634,23A1,d
172,23A1,d
1127,23A1,d
50,23B,k
517,23B,k
2025,23B,c
49,23B,k
50,23B-a,c
634,23B-a,z
50,23B1,k
517,23B1,k
2025,23B1,c
49,23B1,k
2430,23B1b,d
215,23B1b,d
293,23B1b,d
517,23B1b,c
625,23B1b,d
189,23B1b,d
486,23B1b,d
2004,23B1b,d
6501,24,k
6501,24A,k
1232,24A1,k
1233,24A2,k
1256,24A2,d
1256,25,c
1635,25,k
1256,25A,c
1635,25A,k
1256,25A-a,z
1635,25A-a,c
1233,25A1,c
1636,25A1,k
117,25A1,c
1238,25A2,d
1025,25A2,c
1635,25A2,k
117,26,k
581,26,k
683,26,k
1238,26,k
1310,26,k
1025,26,k
738,26,k
917,26,k
948,26,k
596,26,k
1236,26,k
341,26,k
933,26-a,d
1233,26-a,d
117,26-a,c
683,26-a,d
1310,26-a,z
1025,26-a,c
1156,26-b,z
117,26-b,c
100,26-c,z
596,26-c,c
117,26-d,c
520,26-d,c
445,26-d,z
18,26-e,c
685,26-e,y
870,26-e,y
1233,26A,d
117,26A,c
1025,26A,k
738,26A,k
948,26A,d
100,26A,d
596,26A,k
1256,26A,d
18,26A-a,z
117,26A-a,c
1025,26A-a,z
117,26A-b,z
1025,26A-b,c
117,26A-c,c
1025,26A-c,c
596,26A-c,c
1256,26A-c,z
1025,26A1,c
1236,26A1,c
595,26A1,d
1233,26A1a,d
6458,26A1a,c
1310,26A1a,c
738,26A1a,c
596,26A1a,d
1256,26A1a,c
18,26A1b,c
446,26A1b,d
520,26A1b,d
581,26A1b,c
683,26A1b,d
1238,26A1b,d
1921,26A1b,d
917,26A1b,c
944,26A1b,d
948,26A1b,c
170,26A1b,d
1023,26A1b,d
1110,26A1b,d
6458,26A2,c
1310,26A2,c
1025,26A2,c
738,26A2,c
948,26A2,c
596,26A2,c
1236,26A2,c
1256,26A2,c
1025,26A3,c
738,26A3,c
596,26A3,c
1256,26A3,c
18,26B,d
117,26B,c
1238,26B,k
1023,26B,k
1238,26B1,c
1025,26B1,c
1023,26B1,c
595,26B1,d
1238,26B1a,c
1025,26B1a,c
1023,26B1a,c
952,26B1b,d
121,26B1b,c
795,26B1b,d
968,26B1b,c
2320,26B1b,d
756,26B1b,d
794,26B1b,d
796,26B1b,d
6458,26B2,c
1238,26B2,c
1023,26B2,c
1024,26B2,k
933,26B3,d
6458,26B3,c
1238,26B3,c
1027,26B3,k
18,26B4,c
756,26B4,d
1238,26B4,c
1025,26B4,c
917,26B4,c
635,26B4,k
1023,26B4,c
18,26C,d
520,26C,d
581,26C,k
224,26C,d
683,26C,k
231,26C,k
91,26C,d
948,26C,d
1158,26C,k
100,26C,d
520,26C-a,c
581,26C-a,c
1921,26C-a,z
91,26C-a,z
948,26C-a,c
117,26C-b,c
520,26C-b,c
1921,26C-b,z
948,26C-b,c
100,26C-b,c
596,26C-b,c
18,26C-c,z
581,26C-c,z
520,26C1,c
581,26C1,c
683,26C1,c
1921,26C1,c
1310,26C1,d
117,26C1a,c
738,26C1a,d
948,26C1a,c
596,26C1a,d
1236,26C1a,d
1256,26C1a,d
18,26C1b,c
1006,26C1b,d
725,26C1b,d
727,26C1b,d
1306,26C1b,d
2320,26C1b,d
224,26C1b,d
1300,26C1b,c
762,26C1b,d
944,26C1b,d
18,26C2,c
287,26C2,c
520,26C2,c
581,26C2,c
683,26C2,c
1310,26C2,c
231,26C2,k
506,26C2,c
917,26C2,d
948,26C2,c
18,26C3,c
440,26C3,d
581,26C3,c
683,26C3,c
1310,26C3,c
1158,26C3,k
18,27,c
1111,27,k
285,27,k
944,27,k
1110,27,k
2932,27,k
2598,27,k
18,27A,c
1111,27A,k
285,27A,k
1110,27A,k
520,27A1,c
445,27A1,d
91,27A1,d
293,27A1,k
342,27A1,k
944,27A1,c
170,27A1,k
1110,27A1,k
1175,27A1,d
275,27A1,k
673,27A2,d
1112,27A2,d
331,27A2,d
2320,27A2,d
587,27A2,d
1111,27A2,k
2324,27A2,d
285,27A2,k
2025,27A2,d
1717,27A2,d
145,27A2,k
686,28,k
689,28,k
677,28,k
1709,28,k
675,28-a,y
589,28-a,y
675,28A,c
1159,28A,k
288,28A,k
1038,28A,k
2913,28A,k
3357,28A,k
3229,28A,k
3316,28A,k
3113,28A,k
2914,28A,k
673,28A1,c
288,28A1,k
324,28A1,k
686,28A1,k
689,28A1,k
1038,28A1,k
3456,28A1,k
3482,28A1,k
2536,28A1,k
3355,28A1,k
677,28A1,k
3366,28A1,k
3390,28A1,k
972,28A2,d
1056,28A2,c
1112,28A2,c
1159,28A2,k
1247,28A2,d
589,28A3,c
952,28A3,d
1237,28A3,d
659,28A3,k
360,28A3,d
407,28A3,d
144,29,k
972,29,k
1058,29,k
1076,29,k
38,29,k
316,29,k
1102,29,k
143,29,k
1100,29,k
1505,29,k
1012,29,k
1058,29-a,y
274,29-b,z
1058,29-b,c
972,29-c,z
144,29A,k
972,29A,k
1058,29A,k
1076,29A,k
38,29A,k
316,29A,k
1102,29A,k
143,29A,k
1100,29A,k
1505,29A,k
1012,29A,k
141,29A1,k
144,29A1,c
584,29A1,d
972,29A1,c
142,29A1,k
38,29A1,k
975,29A1,k
976,29A1,k
1058,29A2,c
1318,29A2,d
1100,29A2,k
1184,29A2,k
316,29A3,k
847,29A3,d
1078,29A3,d
121,29A3,c
1505,29A3,k
312,29A3,k
310,29A3,d
1012,29A3,d
1755,29A3,d
1504,29A3,k
1350,29A4,c
435,29A4,d
316,29A4,d
388,29A4,k
589,29A4,d
739,29A4,k
1078,29A4,d
2320,29A4,c
3464,29A4,k
1012,29A4,d
1755,29A4,d
1030,29A4,k
1357,29A4,d
1709,29A4,d
2869,29A4,k
433,29A4,k
434,29A4,k
439,29A4,d
462,30,k
1250,30,k
306,30,k
840,30,k
701,30,k
794,30,k
970,30,k
1192,30,k
164,30,k
1378,30,k
1390,30,k
126,30,k
1243,30,k
952,30-a,c
483,30-a,y
338,30-a,y
1250,30-b,c
794,30-b,y
970,30-b,c
916,30-b,y
1250,30-c,c
1234,30-c,c
542,30-c,z
73,30-d,c
970,30-d,c
1163,30-d,z
1378,30-d,c
952,30-e,c
1250,30-e,c
483,30-e,c
633,30-e,z
1056,30A,c
462,30A,k
814,30A,k
1225,30A,k
2324,30A,k
52,30A,k
123,30A,k
570,30A,k
1207,30A,k
1223,30A,k
1358,30A,k
916,30A,k
1345,30A,k
494,30A,k
751,30A,k
1198,30A,k
1496,30A,k
495,30A,k
1335,30A,k
533,30A,k
12,30A,k
15,30A,k
396,30A,k
710,30A,k
720,30A,k
721,30A,k
742,30A,k
744,30A,k
803,30A,k
806,30A,k
1042,30A,k
1148,30A,k
1337,30A,k
1359,30A,k
1659,30A,k
742,30A1,k
744,30A1,k
806,30A2,k
462,30B,k
952,30B,c
814,30B,k
1224,30B,k
1225,30B,k
63,30B,k
487,30B,k
52,30B,k
123,30B,k
498,30B,k
570,30B,k
706,30B,k
911,30B,k
1207,30B,k
1223,30B,k
1281,30B,k
1358,30B,k
315,30B,k
916,30B,k
1345,30B,k
495,30B,k
533,30B,k
822,30B,k
12,30B,k
555,30B,k
703,30B,k
1356,30B,k
1359,30B,k
63,30B1,k
706,30B1,k
1281,30B1,k
1358,30B1,k
555,30B1,k
1356,30B1,k
1359,30B1,k
533,30B2,k
822,30B2,k
911,30B3,k
315,30B3,k
1368,30C,k
1370,30C,k
1234,30C,k
62,30C,k
73,30C,k
75,30C,k
81,30C,k
914,30C,k
67,30C,k
374,30C,k
633,30C,k
915,30C,k
1163,30C,k
1538,30C,k
541,30C,k
279,30C,k
94,30C,k
1365,30C,k
1658,30C,k
73,30C-a,c
794,30C-a,z
1378,30C-a,c
1368,30C-b,y
1370,30C-b,y
73,30C-b,c
794,30C-b,c
1378,30C-b,c
75,30C1,k
67,30C1,k
541,30C1,k
94,30C1,k
81,30C2,k
914,30C2,k
633,30C2,k
915,30C2,k
1538,30C2,k
1365,30C2,k
72,30D,k
428,30D,k
1234,30D,k
62,30D,k
321,30D,k
407,30D,k
545,30D,k
1197,30D,k
652,30D,k
779,30D,k
1061,30D,k
480,30D,k
374,30D,k
1163,30D,k
544,30D,k
1195,30D,k
1243,30D,k
1658,30D,k
72,30D1,k
321,30D1,k
652,30D1,k
779,30D1,k
1061,30D1,k
1243,30D1,k
428,30D2,k
407,30D2,k
544,30D2,k
336,31,k
475,31,k
101,31,k
208,31,k
372,31,k
410,31,k
574,31,k
745,31,k
1062,31,k
101,31-a,z
410,31-b,z
350,31-c,z
446,31-d,z
390,31-d,c
331,31-d,y
475,31-d,y
101,31-d,y
331,31-e,z
336,31-e,c
1321,31-e,c
331,31-f,c
1316,31-f,z
325,31-h,z
446,31-i,c
1321,31-i,c
412,31-i,z
475,31A,k
1211,31A,d
1191,31A,k
400,31A,d
409,31A,k
484,31A,k
699,31A,k
353,31A,k
1704,31A,k
1208,31A,k
1524,31A,k
97,31A,k
353,31A1,k
1524,31A1,k
484,31A2,k
699,31A2,k
1704,31A2,k
1208,31A2,k
97,31A2,k
952,31B,d
1225,31B,d
2320,31B,d
200,31B,c
306,31B,d
1211,31B,d
165,31B,d
400,31B,d
636,31B,k
790,31B,k
1192,31B,d
1322,31B,k
5030,31B,k
862,31B,k
818,31B,k
320,31B,k
106,31B,k
307,31B,k
314,31B,k
728,31B,k
793,31B,k
878,31B,k
1322,31B1,k
314,31B1,k
636,31B2,k
5030,31B3,k
862,31B3,k
818,31B3,k
728,31B3,k
793,31B3,k
878,31B3,k
385,31C,d
209,31C,d
431,31C,k
54,31C,k
872,31C,k
1340,31C,d
1343,31C,k
311,31C,k
707,31C,k
431,31C1,k
54,31C1,k
872,31C1,k
1343,31C1,k
311,31C1,k
707,31C1,k
446,31D,c
390,31D,c
101,31D,k
1260,31D,k
4,31D,c
83,31D,k
137,31D,k
2388,31D,k
209,31D,d
812,31D,k
809,31D,k
1106,31D,k
1139,31D,k
1340,31D,d
159,31D,k
1728,31D,k
801,31D,k
601,31D,k
1210,31D,k
137,31D1,k
812,31D1,k
809,31D1,k
1728,31D1,k
801,31D1,k
1210,31D1,k
2388,31D2,k
1106,31D2,k
1139,31D2,k
159,31D2,k
451,32,k
490,32,k
585,32,d
930,32,d
933,32,c
1333,32,k
665,32,d
1245,32,k
780,32,d
1173,32,d
188,32,k
60,32,d
1259,32,k
59,32,k
1275,32,k
490,32-a,z
933,32-a,c
451,32-b,z
933,32-c,c
188,32-c,z
933,32-d,c
1218,32-d,z
930,32-e,z
188,32-e,c
1321,32-e,c
933,32-f,c
188,32-f,c
1321,32-f,z
933,32-g,c
1029,32-g,z
933,32-h,c
188,32-h,c
1321,32-h,c
59,32-h,z
490,32-i,c
933,32-i,c
780,32-i,c
1316,32-i,z
933,32/a,c
1321,32/a,c
1221,32/a,z
466,32A,d
1056,32A,d
785,32A,d
784,32A,d
631,32A,d
772,32A,d
526,32A,k
1093,32A,d
496,32A,k
714,32A,d
1369,32A,d
1353,32A,k
1333,32A-a,c
469,32A-a,z
526,32A-a,c
526,32A1,k
496,32A1,k
1353,32A1,k
451,32B,k
59,32B,k
76,32B,d
131,32B,k
343,32B,d
1186,32B,k
1226,32B,k
2406,32B,k
43,32B,d
815,32B,k
1186,32B1,k
1226,32B2,k
343,32B3,k
43,32B3,k
582,33,k
546,33,k
1321,33,c
704,33,k
29,33,k
708,33,k
959,33-a,c
546,33-a,c
1321,33-a,z
546,33-b,c
1321,33-b,c
70,33-b,z
1321,33-c,c
926,33-c,z
546,33/a,c
5286,33/a,z
1873,33/b,z
11,33A,k
29,33A,k
302,33A,k
68,33A,k
548,33A,k
1315,33A,k
303,33A,k
708,33A,k
1289,33A,k
411,33A,k
1132,33A,k
488,33A,k
68,33A1,k
1289,33A2,k
548,33A3,k
1315,33A3,k
488,33A3,k
29,33A4,k
303,33A4,k
708,33A4,k
11,33A5,k
1132,33A6,k
411,33A7,k
19,34,d
398,34,d
450,34,k
1190,34,k
1094,34,c
251,34,d
588,34,k
406,34,k
450,34A,k
1190,34A,k
588,34A,k
406,34A,k
450,34A1,k
1190,34A1,k
588,34A1,k
406,34A1,k
19,35,d
140,35,d
398,35,d
1037,35,d
1634,35,k
1227,35,d
632,35,d
759,35,c
1094,35,d
5300,35,k
5296,35,k
5297,35,k
9572,35,k
5292,35,k
9640,35,k
2016,35,k
9584,35,k
9617,35,k
1829,35,k
9649,35,k
9557,35,k
9558,35,k
9560,35,k
9559,35,k
9632,35,k
9580,35,k
9651,35,k
5285,35,k
5289,35,k
9609,35,k
9570,35,k
9607,35,k
5299,35,k
9569,35,k
2019,35,k
5295,35,k
1634,35A,k
759,35A,c
5300,35A,k
5296,35A,k
5297,35A,k
9572,35A,k
5292,35A,k
9640,35A,k
2016,35A,k
9584,35A,k
9617,35A,k
1829,35A,k
9649,35A,k
9557,35A,k
9558,35A,k
9560,35A,k
9559,35A,k
9632,35A,k
9580,35A,k
9651,35A,k
5285,35A,k
5289,35A,k
9609,35A,k
9570,35A,k
9607,35A,k
5299,35A,k
9569,35A,k
2019,35A,k
5295,35A,k
5297,35A-a,z
5285,35A1,k
9572,35A2,k
9617,35A2,k
5289,35A2,k
9609,35A2,k
9570,35A2,k
9607,35A2,k
5299,35A2,k
9569,35A2,k
2019,35A2,k
9722,35A2,k
9836,35A2,k
5295,35A3,k
18,36,d
346,36,d
933,36,d
2376,36,d
665,36,d
680,36,d
780,36,d
784,36,d
1124,36,d
36,36,d
173,36,d
530,36,k
1117,36,k
1119,36,k
1593,36,k
1634,36,d
2567,36,d
3015,36,d
2920,36,d
2923,36,d
2820,36,d
2883,36,d
3387,36,d
426,36,d
3321,36,d
1122,36,d
530,36A,k
1117,36A,k
1119,36A,k
1593,36A,k
530,36A-a,z
1634,36A-a,c
849,36A-b,z
530,36A-b,c
1117,36A1,k
1119,36A2,k
369,37,d
546,37,d
639,37,d
1133,37,k
1321,37,c
355,37,d
1367,37,d
579,37,d
830,37,d
1064,37,d
1021,37,k
1643,37,k
1,37,d
167,37,k
339,37,d
489,37,d
971,37,d
370,37,d
1089,37-a,c
1133,37-a,z
1321,37-a,c
1089,37-b,c
369,37-b,y
1321,37-b,c
1021,37-b,y
1643,37-b,y
582,37-c,c
369,37-c,c
1321,37-c,c
355,37-c,y
1064,37-c,y
1021,37-c,c
1643,37-c,c
489,37-c,y
369,37-d,c
1321,37-d,c
339,37-d,z
446,37-e,c
1321,37-e,c
2021,37-e,z
355,37-f,y
1643,37-f,y
1645,37-f,y
150,37-f,y
894,37-f,y
174,37-g,c
629,37-g,c
1089,37-g,z
390,37A,d
1634,37A,k
369,37A,c
531,37A,d
598,37A,d
956,37A,d
9705,37A,k
1249,37A,d
366,37A,c
303,37A,d
2009,37A,d
2022,37A,k
5291,37A,k
5293,37A,d
9582,37A,k
9597,37A,k
9599,37A,k
9603,37A,k
9611,37A,k
9615,37A,k
9588,37A,k
2022,37A1,k
9588,37A1,k
9844,37A1,k
9762,37A1,k
9582,37A2,k
9597,37A2,k
9603,37A2,k
9611,37A2,k
1124,37B,d
174,37B,d
215,37B,d
336,37B,d
629,37B,k
1089,37B,c
2567,37B,d
759,37B,d
958,37B,d
663,37B,d
1190,37B,d
50,37B,d
517,37B,d
557,37B,d
736,37B,k
2290,37B,d
104,37B,k
385,37B,d
1645,37B,k
136,37B,k
965,37B,d
1072,37B,k
760,37B,k
139,37B-a,y
140,37B-a,y
1037,37B-a,y
1089,37B-a,c
369,37B-a,c
1321,37B-a,c
830,37B-a,c
983,37B-a,y
18,37B-b,y
813,37B-b,y
1333,37B-b,y
959,37B-b,y
139,37B-b,y
140,37B-b,y
174,37B-b,c
335,37B-b,y
1037,37B-b,y
369,37B-b,c
1321,37B-b,c
579,37B-b,y
830,37B-b,c
983,37B-b,y
1218,37B-c,y
629,37B-c,z
2324,37B-c,y
629,37B-d,z
4146,37B-d,y
2290,37B-d,y
298,37B-d,y
4718,37B-d,y
385,37B-d,y
174,37B-e,z
629,37B-e,z
174,37B-f,c
1321,37B-f,c
736,37B-f,z
629,37B1,c
1133,37B1,d
629,37B2,c
1089,37B2,c
736,37B2,d
629,37B3,c
1089,37B3,c
369,37B3,d
1064,37B3,d
736,37B3,c
188,38,d
1116,38,k
1121,38,k
1126,38,k
1321,38,c
1259,38,d
1123,38,k
1125,38,k
1116,38A,k
1121,38A,k
1126,38A,k
1321,38A,c
1123,38A,k
1125,38A,k
2567,38A-a,c
1321,38A-a,z
1321,38A/a,c
1862,38A/a,z
18,38A1,d
930,38A1,c
1006,38A1,x
1101,38A1,d
1078,38A1,x
331,38A1,d
795,38A1,x
1116,38A1,c
2320,38A1,x
101,38A1,x
1010,38A1,x
1211,38A1,x
1260,38A1,x
208,38A1,d
144,38A1a,d
462,38A1a,d
959,38A1a,c
847,38A1a,d
973,38A1a,d
977,38A1a,d
1098,38A1a,d
1078,38A1a,c
331,38A1a,c
795,38A1a,c
1126,38A1a,c
2320,38A1a,c
101,38A1a,c
306,38A1a,c
487,38A1a,d
1125,38A1a,c
310,38A1a,d
1755,38A1a,d
315,38A1a,d
982,38A1a,d
18,38A1b,c
451,38A1b,d
446,38A1b,d
959,38A1b,c
390,38A1b,d
582,38A1b,c
946,38A1b,d
546,38A1b,d
1259,38A1b,d
585,38A2,x
930,38A2,c
665,38A2,x
211,38A2,d
785,38A2,d
784,38A2,x
1089,38A2,d
1259,38A2,c
813,38A2a,c
844,38A2a,d
782,38A2a,d
2376,38A2a,c
665,38A2a,c
1245,38A2a,d
1218,38A2a,c
785,38A2a,c
784,38A2a,c
1173,38A2a,d
1116,38A2a,c
1189,38A2a,d
259,38A2b,d
631,38A2b,d
335,38A2b,c
1089,38A2b,c
1126,38A2b,c
60,38A2b,d
526,38A2b,d
543,38A2b,d
546,38A2b,c
42,38A2b,c
1103,38A2b,d
201,38A3,x
2338,38A3,x
1120,38A3,x
844,38A3a,d
933,38A3a,d
1056,38A3a,d
1333,38A3a,c
1218,38A3a,d
780,38A3a,d
959,38A3a,c
1097,38A3a,d
1101,38A3a,c
188,38A3a,c
201,38A3a,c
1116,38A3a,c
1126,38A3a,d
60,38A3a,d
546,38A3a,c
607,38A3a,d
1321,38A3a,c
2338,38A3a,d
2402,38A3a,d
70,38A3a,c
1259,38A3a,c
59,38A3a,d
28,38A3b,d
78,38A3b,d
844,38A3b,c
972,38A3b,c
1056,38A3b,d
1218,38A3b,d
780,38A3b,d
785,38A3b,d
185,38A3b,d
143,38A3b,d
201,38A3b,c
2338,38A3b,c
844,38A3c,d
1333,38A3c,d
1218,38A3c,d
780,38A3c,d
2512,38A3c,d
959,38A3c,c
582,38A3c,d
201,38A3c,d
1089,38A3c,d
1116,38A3c,c
2567,38A3c,c
60,38A3c,d
543,38A3c,c
546,38A3c,c
607,38A3c,d
660,38A3c,d
1133,38A3c,d
1321,38A3c,c
2729,38A3c,d
2788,38A3c,d
3384,38A3c,d
1259,38A3c,c
2728,38A3c,c
59,38A3c,d
2586,38A3c,d
2338,38A3d,d
1120,38A3d,d
929,39,d
665,39,d
1218,39,d
780,39,d
785,39,d
784,39,d
2620,39,d
36,39,k
173,39,d
1119,39,d
36,39A,k
173,39A-a,z
2820,39A-a,c
1634,39A-b,z
2820,39A-b,c
212,39A-c,z
2820,39A-c,c
959,39A-d,c
1321,39A-d,z
419,39A-e,z
2820,39A-e,c
139,39A-f,z
173,39A-f,c
2820,39A-f,c
249,39A1,d
259,39A1,x
933,39A1,d
1218,39A1,c
427,39A1,x
36,39A1,c
173,39A1,c
2820,39A1,c
3321,39A1,d
813,39A1a,d
929,39A1a,c
212,39A1a,d
665,39A1a,c
427,39A1a,c
2620,39A1a,d
2729,39A1a,c
249,39A1b,c
783,39A1b,c
933,39A1b,c
665,39A1b,c
427,39A1b,c
2620,39A1b,d
3006,39A1b,c
3015,39A1b,d
419,39A1b,d
2729,39A1b,c
3023,39A1b,c
3321,39A1b,d
259,39A1c,c
930,39A1c,d
680,39A2,d
237,39A2,d
36,39A2,c
229,39A2,k
119,39A2,d
258,39A2,x
1070,39A2,k
929,39A2a,d
665,39A2a,c
1218,39A2a,c
780,39A2a,c
784,39A2a,c
237,39A2a,d
139,39A2a,d
173,39A2a,d
229,39A2a,c
530,39A2a,d
249,39A2b,d
463,39A2b,d
844,39A2b,d
466,39A2b,d
1056,39A2b,c
1333,39A2b,d
2376,39A2b,c
665,39A2b,c
959,39A2b,d
201,39A2b,x
2567,39A2b,d
60,39A2b,d
119,39A2b,d
258,39A2b,d
322,39A2b,d
526,39A2b,c
531,39A2b,d
546,39A2b,d
639,39A2b,d
1160,39A2b,d
1321,39A2b,c
1385,39A2b,d
2338,39A2b,d
2879,39A2b,d
3142,39A2b,d
205,39A2c,d
1333,39A2c,c
2376,39A2c,c
665,39A2c,c
680,39A2c,d
1218,39A2c,c
784,39A2c,c
959,39A2c,c
237,39A2c,d
229,39A2c,c
530,39A2c,d
2567,39A2c,d
60,39A2c,d
119,39A2c,d
397,39A2c,d
526,39A2c,c
531,39A2c,d
546,39A2c,d
639,39A2c,c
759,39A2c,d
1070,39A2c,c
1321,39A2c,c
2338,39A2c,d
1367,39A2c,d
1019,39A2c,d
631,39A2d,d
832,39A2d,d
139,39A2d,d
173,39A2d,c
229,39A2d,d
530,39A2d,d
1037,39A2d,d
1634,39A2d,c
1227,39A2d,c
119,39A2d,d
369,39A2d,d
397,39A2d,d
419,39A2d,d
632,39A2d,d
639,39A2d,d
759,39A2d,c
1070,39A2d,d
1091,39A2d,c
1367,39A2d,d
426,39A2d,c
362,39A2d,d
1019,39A2d,c
346,39A2e,d
783,39A2e,d
929,39A2e,d
680,39A2e,c
784,39A2e,c
237,39A2e,d
631,39A2e,d
1544,39A2e,d
139,39A2e,c
173,39A2e,c
219,39A2e,c
229,39A2e,d
530,39A2e,d
3006,39A2e,d
2820,39A2e,c
3023,39A2e,d
426,39A2e,c
3239,40,d
139,40,k
476,40,d
3006,40,d
2544,40,d
139,40A,k
849,40A-a,z
832,40A-b,z
1634,40A-c,z
447,40A-d,z
1965,40A/a,z
832,40A1,c
139,40A1,c
473,40A1,x
943,40A1,x
479,40A1,x
1330,40A1,k
2792,40A1,x
3239,40A1a,c
2705,40A1a,d
473,40A1a,c
476,40A1a,c
530,40A1a,d
2623,40A1a,d
3004,40A1a,d
3006,40A1a,d
3015,40A1a,d
2920,40A1a,d
2923,40A1a,d
2544,40A1a,d
3016,40A1a,d
55,40A1a,d
479,40A1a,c
913,40A1a,c
2836,40A1a,d
186,40A1b,c
398,40A1b,d
473,40A1b,c
1037,40A1b,d
1227,40A1b,d
1330,40A1b,d
1329,40A1b,d
783,40A2,x
933,40A2,c
784,40A2,x
36,40A2,x
139,40A2,c
173,40A2,d
219,40A2,x
1593,40A2,x
3006,40A2,c
3015,40A2,d
759,40A2,d
2729,40A2,x
2820,40A2,c
2883,40A2,x
3023,40A2,x
398,41,d
943,41,k
2679,41,c
2678,41,k
2792,41,c
2892,41,k
2907,41,c
778,41,k
3310,41,k
590,41,k
774,41,k
746,41,k
2924,41-a,y
2679,41-a,c
2907,41-a,z
2729,41-b,y
2942,41-b,y
943,41A,k
2679,41A,c
2678,41A,k
2792,41A,c
2892,41A,k
2907,41A,c
778,41A,k
3310,41A,k
590,41A,k
774,41A,k
746,41A,k
1022,41A-a,z
398,41A-b,z
1634,41A-b,y
2567,41A-b,y
419,41A-b,y
362,41A-b,y
1020,41A/a,z
1634,41A/b,z
174,41A/c,y
215,41A/c,y
139,41A1,d
186,41A1,d
530,41A1,d
1037,41A1,c
2567,41A1,d
2642,41A1,x
2920,41A1,c
450,41A1,d
2667,41A1,c
1190,41A1,x
1094,41A1,c
1474,41A1,d
1545,41A1,d
691,41A1,k
251,41A1,d
3448,41A1,d
4155,41A1,d
3396,41A1,x
3335,41A1,x
4183,41A1,d
978,41A1,d
3308,41A1,x
943,41A1a,d
3364,41A1a,d
1227,41A1a,c
1545,41A1a,c
2637,41A1a,c
2678,41A1a,c
2810,41A1a,d
691,41A1a,c
251,41A1a,c
4155,41A1a,c
2927,41A1a,d
3335,41A1a,c
4148,41A1a,d
4168,41A1a,d
4173,41A1a,c
4174,41A1a,c
4177,41A1a,d
4183,41A1a,c
4199,41A1a,d
4333,41A1a,d
1643,41A1a,d
3308,41A1a,c
398,41A1b,c
530,41A1b,d
2567,41A1b,c
419,41A1b,d
450,41A1b,c
543,41A1b,d
759,41A1b,d
2729,41A1b,d
3384,41A1b,c
1250,41A1b,d
2942,41A1b,d
1331,41A1b,d
691,41A1b,c
978,41A1b,c
1218,41A1c,c
631,41A1c,c
19,41A1c,c
215,41A1c,c
2976,41A1c,c
1093,41A1c,c
1133,41A1c,d
830,41A1c,d
4,41A1c,d
1643,41A1c,c
140,41A2,d
186,41A2,c
943,41A2,c
2920,41A2,d
1474,41A2,d
1545,41A2,d
2678,41A2,d
4148,41A2,d
4183,41A2,d
775,41A2a,d
4148,41A2a,d
4174,41A2a,d
4183,41A2a,c
4199,41A2a,d
3387,41A2b,d
1474,41A2b,c
140,41A3,d
398,41A3,c
530,41A3,d
943,41A3,c
1634,41A3,d
2567,41A3,d
1227,41A3,d
419,41A3,d
426,41A3,d
362,41A3,d
1329,41A3,d
398,41A3a,d
1634,41A3a,d
2567,41A3a,d
1227,41A3a,c
419,41A3a,d
2729,41A3a,d
426,41A3a,c
362,41A3a,d
2942,41A3a,d
2230,41A3a,d
513,41A3b,d
1037,41A3b,c
1331,41A3b,d
2810,41A3b,d
1329,41A3b,c
186,41A3c,d
473,41A3c,d
1037,41A3c,c
447,41A3c,c
832,41A3d,c
140,41A3d,c
473,41A3d,d
530,41A3d,d
1634,41A3d,d
426,41A3d,d
140,42,k
398,42,c
1037,42,c
1227,42,c
2667,42,k
786,42,k
1329,42,d
1036,42,k
513,42-a,c
1227,42-a,c
2820,42-a,c
786,42-a,z
513,42-b,z
2797,42-b,z
632,42-c,z
5207,42-c,y
1634,42-d,z
1037,42-e,c
2567,42-e,y
2729,42-e,z
2942,42-e,y
1037,42A,c
2543,42A,k
362,42A,x
2679,42A,x
2810,42A,x
1020,42A,x
2836,42A,k
398,42A-a,c
513,42A-a,c
2820,42A-a,c
2679,42A-a,c
2810,42A-a,z
513,42A-b,c
2543,42A-b,y
2679,42A-b,c
2836,42A-b,y
1037,42A-c,c
2679,42A-c,z
1020,42A/a,z
1876,42A/b,z
186,42A1,x
398,42A1,c
2543,42A1,k
2920,42A1,x
3387,42A1,d
2679,42A1,c
2634,42A1,x
2637,42A1,x
2792,42A1,c
2907,42A1,x
2836,42A1,k
139,42A1a,d
186,42A1a,d
513,42A1a,d
943,42A1a,d
2924,42A1a,c
2920,42A1a,c
2820,42A1a,c
3387,42A1a,c
518,42A1a,d
1545,42A1a,d
2634,42A1a,d
2810,42A1a,c
4146,42A1a,d
4277,42A1a,d
4170,42A1a,d
3335,42A1a,d
4173,42A1a,d
4183,42A1a,d
140,42A1b,c
398,42A1b,d
530,42A1b,d
362,42A1b,d
140,42A1c,c
513,42A1c,d
530,42A1c,d
1634,42A1c,d
2810,42A1c,d
1329,42A1c,c
832,42A1d,c
139,42A1d,c
530,42A1d,d
1634,42A1d,d
2924,42A1d,d
419,42A1d,d
2820,42A1d,d
426,42A1d,d
362,42A1d,d
1329,42A1d,d
832,42A1e,d
140,42A1e,c
398,42A1e,c
530,42A1e,d
1634,42A1e,c
2567,42A1e,d
419,42A1e,c
2729,42A1e,d
2820,42A1e,d
3387,42A1e,c
426,42A1e,c
362,42A1e,c
2679,42A1e,c
1876,42A1e,d
1634,42A2,c
598,42A2,x
632,42A2,d
786,42A2,k
1022,42A2,x
964,42A2,x
658,42A2,x
513,42A2a,c
2924,42A2a,d
2679,42A2a,d
2792,42A2a,d
2810,42A2a,d
804,42A2a,d
1329,42A2a,c
513,42A2b,c
1022,42A2b,c
139,42A2c,d
513,42A2c,c
530,42A2c,c
1634,42A2c,c
419,42A2c,d
759,42A2c,c
1249,42A2c,d
909,42A2c,d
786,42A2c,c
366,42A2c,d
964,42A2c,c
349,42A2c,d
658,42A2c,c
832,42A2d,c
36,42A2d,d
139,42A2d,c
530,42A2d,c
1634,42A2d,c
426,42A2d,d
362,42A2d,d
786,42A2d,d
1329,42A2d,c
1634,42A2e,c
543,42A2e,d
632,42A2e,c
759,42A2e,c
1133,42A2e,d
362,42A2e,d
2539,42B,x
140,42B,c
513,42B,c
1634,42B,c
759,42B,c
771,42B,x
1222,42B,x
2,42B,x
1022,42B,c
650,42B,x
1329,42B,c
421,42B,x
270,42B,x
770,42B,x
1036,42B,k
824,42B,x
826,42B,x
769,42B,k
2539,42B1,x
140,42B1,c
513,42B1,c
1634,42B1,c
759,42B1,c
771,42B1,x
1222,42B1,x
2,42B1,x
1022,42B1,c
650,42B1,x
1329,42B1,c
421,42B1,x
270,42B1,x
770,42B1,x
1036,42B1,k
824,42B1,x
826,42B1,x
769,42B1,k
10,43,k
24,43,d
56,43,k
531,43,k
576,43,d
598,43,k
702,43,k
846,43,k
956,43,k
1014,43,k
1018,43,k
1246,43,k
2402,43,d
2879,43,k
329,43,k
1043,43,k
1249,43,k
909,43,k
579,43,d
830,43,d
1170,43,k
2733,43,k
750,43,k
366,43,k
1,43,d
34,43,k
151,43,k
964,43,k
103,43,k
370,43,k
1071,43,k
826,43,k
2730,43,k
861,43,k
920,43,k
58,43,k
2435,43,k
582,43-a,c
70,43-a,z
579,43-a,c
531,43-b,c
1071,43-b,z
34,43-c,z
598,43-d,z
513,43-e,z
1133,43-f,z
1089,43-g,y
1634,43-g,y
1091,43-g,y
582,43-h,z
11,43-h,z
579,43-h,z
174,43-i,z
2,43-i,c
139,43-j,c
174,43-j,z
369,43-j,c
1321,43-j,c
736,43-j,c
2107,43/a,z
1862,43/b,z
1851,43A,d
959,43A,d
582,43A,d
11,43A,d
369,43A,c
531,43A,c
546,43A,c
1321,43A,c
70,43A,x
807,43A,d
579,43A,c
2,43A,k
29,43A,d
1352,43A,k
1,43A,d
1019,43A,d
1320,43A,k
1850,43A,d
365,43A,k
2107,43A,d
2430,43A-b,z
2567,43A-b,c
2,43A-b,c
959,43A-c,c
2567,43A-c,c
1321,43A-c,z
29,43A-c,c
2567,43A-d,c
1321,43A-d,c
2,43A-d,c
29,43A-d,c
1320,43A-d,z
1851,43A-e,y
1071,43A-e,y
365,43A-e,y
361,43A-e,y
538,43A-e,y
572,43A-e,y
6359,43A-e,y
1151,43A-e,y
102,43A-e,y
1314,43A-e,y
582,43A1,c
11,43A1,c
2402,43A1,c
29,43A1,c
35,43A1,x
1352,43A1,c
896,43A1,x
1320,43A1,c
1384,43A1,x
930,43A1a,d
1333,43A1a,d
526,43A1a,d
639,43A1a,c
1259,43A1a,d
1043,43A1a,d
2728,43A1a,d
830,43A1a,d
1186,43A1a,d
1170,43A1a,d
208,43A1a,d
1021,43A1a,d
339,43A1a,d
489,43A1a,d
896,43A1a,c
33,43A1a,c
303,43A1a,d
151,43A1a,d
370,43A1a,d
513,43A1b,d
598,43A1b,d
2,43A1b,c
1352,43A1b,c
896,43A1b,c
980,43A1b,d
1851,43A1c,d
513,43A1c,c
56,43A1c,d
598,43A1c,d
70,43A1c,c
807,43A1c,d
2,43A1c,c
1352,43A1c,c
489,43A1c,d
896,43A1c,c
980,43A1c,d
658,43A1c,d
538,43A1c,d
1286,43A1c,d
1151,43A1c,c
205,43B,d
784,43B,x
959,43B,d
36,43B,d
10,43B,d
24,43B,d
56,43B,d
60,43B,d
119,43B,d
258,43B,k
397,43B,d
515,43B,d
526,43B,d
531,43B,c
639,43B,d
660,43B,k
702,43B,d
759,43B,d
1014,43B,d
1091,43B,d
1321,43B,c
329,43B,d
1367,43B,d
1249,43B,d
909,43B,d
264,43B,d
366,43B,d
578,43B,k
1253,43B,k
826,43B,d
920,43B,d
18,43B-b,y
813,43B-b,y
1333,43B-b,y
139,43B-b,c
174,43B-b,z
335,43B-b,y
1089,43B-b,c
369,43B-b,c
830,43B-b,c
959,43B-c,c
397,43B-c,c
1321,43B-c,z
2254,43B-c,c
526,43B-d,z
466,43B1,x
1056,43B1,d
212,43B1,x
36,43B1,c
201,43B1,x
3431,43B1,x
322,43B1,k
323,43B1,x
469,43B1,k
526,43B1,c
781,43B1,k
2338,43B1,d
2729,43B1,d
2820,43B1,d
2879,43B1,k
3142,43B1,x
373,43B1,x
263,43B1,k
250,43B1,k
1354,43B1,k
930,43B2,x
390,43B2,x
582,43B2,d
513,43B2,x
530,43B2,x
1037,43B2,c
1227,43B2,d
11,43B2,d
56,43B2,c
369,43B2,d
397,43B2,c
598,43B2,c
956,43B2,x
579,43B2,d
786,43B2,x
366,43B2,c
1021,43B2,x
1019,43B2,d
1387,43B2,x
964,43B2,d
370,43B2,k
531,43C,c
598,43C,c
846,43C,k
1018,43C,k
264,43C,k
366,43C,c
421,43C,k
270,43C,k
554,43C,k
1011,43C,k
770,43C,k
964,43C,c
103,43C,k
349,43C,k
1377,43C,k
920,43C,k
808,43C,k
1386,43C,k
491,43C,k
536,43C,k
10,43C1,d
56,43C1,d
531,43C1,c
598,43C1,c
702,43C1,d
846,43C1,k
1014,43C1,d
1018,43C1,k
1249,43C1,d
909,43C1,d
2728,43C1,d
264,43C1,k
366,43C1,c
421,43C1,k
270,43C1,k
554,43C1,k
2746,43C1,d
1011,43C1,k
770,43C1,d
964,43C1,c
103,43C1,k
349,43C1,k
826,43C1,d
1377,43C1,k
920,43C1,k
808,43C1,k
1386,43C1,k
491,43C1,k
536,43C1,k
454,43C1a,d
582,43C1a,c
2539,43C1a,c
513,43C1a,d
1634,43C1a,c
10,43C1a,c
119,43C1a,c
369,43C1a,d
419,43C1a,d
576,43C1a,c
1014,43C1a,c
1018,43C1a,c
1091,43C1a,d
1118,43C1a,d
1133,43C1a,c
1321,43C1a,c
2729,43C1a,c
329,43C1a,c
1351,43C1a,d
426,43C1a,d
2797,43C1a,d
909,43C1a,d
2728,43C1a,d
579,43C1a,c
2888,43C1a,d
2737,43C1a,d
29,43C1a,d
1103,43C1a,d
421,43C1a,c
2746,43C1a,d
1320,43C1a,d
103,43C1a,d
826,43C1a,c
2730,43C1a,d
2821,43C1a,d
979,43C1a,c
2918,43C1a,d
1333,43C1b,d
513,43C1b,d
1089,43C1b,d
24,43C1b,d
369,43C1b,d
546,43C1b,d
576,43C1b,d
1014,43C1b,c
1246,43C1b,d
355,43C1b,c
1367,43C1b,d
579,43C1b,d
2,43C1b,d
2733,43C1b,d
529,43C1b,d
750,43C1b,c
264,43C1b,c
339,43C1b,c
1320,43C1b,d
1387,43C1b,d
1011,43C1b,d
222,43C1b,d
151,43C1b,c
103,43C1b,c
199,43C1b,d
349,43C1b,d
392,43C1b,d
920,43C1b,c
1386,43C1b,c
110,43C1b,d
1138,43C1b,d
1333,43C1c,d
513,43C1c,d
1089,43C1c,d
24,43C1c,d
369,43C1c,d
546,43C1c,d
576,43C1c,d
846,43C1c,d
1014,43C1c,c
1246,43C1c,d
355,43C1c,c
1367,43C1c,d
579,43C1c,d
2,43C1c,d
1382,43C1c,d
2733,43C1c,d
736,43C1c,d
529,43C1c,d
750,43C1c,c
264,43C1c,c
1643,43C1c,d
167,43C1c,d
339,43C1c,c
894,43C1c,d
1320,43C1c,d
1387,43C1c,d
881,43C1c,d
888,43C1c,d
951,43C1c,d
1011,43C1c,d
222,43C1c,d
151,43C1c,c
1080,43C1c,d
103,43C1c,c
199,43C1c,d
349,43C1c,d
887,43C1c,d
289,43C1c,d
392,43C1c,d
891,43C1c,d
920,43C1c,c
1386,43C1c,c
645,43C1c,d
110,43C1c,d
8,43C1c,d
1138,43C1c,d
513,43C1d,d
1037,43C1d,c
10,43C1d,d
56,43C1d,d
546,43C1d,d
576,43C1d,d
702,43C1d,c
1014,43C1d,d
1018,43C1d,d
1246,43C1d,d
2729,43C1d,d
1367,43C1d,d
579,43C1d,d
2,43C1d,d
750,43C1d,d
264,43C1d,d
339,43C1d,d
2746,43C1d,d
151,43C1d,d
103,43C1d,d
1071,43C1d,d
1138,43C1d,d
205,43C1e,d
140,43C1e,d
2567,43C1e,d
10,43C1e,c
24,43C1e,d
56,43C1e,c
546,43C1e,d
702,43C1e,c
1014,43C1e,d
2402,43C1e,d
2729,43C1e,d
2820,43C1e,d
2879,43C1e,d
1043,43C1e,d
2728,43C1e,d
2888,43C1e,d
2,43C1e,d
2571,43C1e,d
421,43C1e,d
1,43C1e,d
2746,43C1e,d
34,43C1e,c
823,43C1e,c
1285,43C1e,c
103,43C1e,c
199,43C1e,d
349,43C1e,d
826,43C1e,c
2730,43C1e,d
3039,43C1e,d
205,43C1f,d
140,43C1f,d
2567,43C1f,d
10,43C1f,c
24,43C1f,d
56,43C1f,c
546,43C1f,d
702,43C1f,c
1014,43C1f,d
2402,43C1f,d
2729,43C1f,d
2820,43C1f,d
2879,43C1f,d
1043,43C1f,d
2728,43C1f,d
2888,43C1f,d
2,43C1f,d
2571,43C1f,d
421,43C1f,d
1,43C1f,d
2746,43C1f,d
34,43C1f,c
823,43C1f,c
1285,43C1f,c
103,43C1f,c
199,43C1f,d
349,43C1f,d
826,43C1f,c
2730,43C1f,d
3039,43C1f,d
205,43C1g,d
2567,43C1g,d
10,43C1g,c
24,43C1g,d
56,43C1g,c
546,43C1g,d
702,43C1g,c
1014,43C1g,d
2402,43C1g,d
2729,43C1g,d
2820,43C1g,d
2879,43C1g,d
1043,43C1g,d
2728,43C1g,d
2888,43C1g,d
2,43C1g,d
2571,43C1g,d
421,43C1g,d
1,43C1g,d
2746,43C1g,d
34,43C1g,c
823,43C1g,c
1285,43C1g,c
103,43C1g,c
199,43C1g,d
349,43C1g,d
826,43C1g,c
2730,43C1g,d
3039,43C1g,d
205,43C1h,d
140,43C1h,d
2567,43C1h,d
24,43C1h,d
546,43C1h,d
598,43C1h,c
1014,43C1h,d
2402,43C1h,d
2729,43C1h,d
2820,43C1h,d
2879,43C1h,d
1043,43C1h,d
2728,43C1h,d
2888,43C1h,d
2,43C1h,d
2571,43C1h,d
421,43C1h,d
1,43C1h,d
2746,43C1h,d
199,43C1h,d
349,43C1h,d
2730,43C1h,d
3039,43C1h,d
205,43C1i,d
140,43C1i,d
2567,43C1i,d
24,43C1i,d
546,43C1i,d
1014,43C1i,d
2402,43C1i,d
2729,43C1i,d
2820,43C1i,d
2879,43C1i,d
1043,43C1i,d
2728,43C1i,d
2888,43C1i,d
2,43C1i,d
2571,43C1i,d
421,43C1i,d
1,43C1i,d
2746,43C1i,d
823,43C1i,c
199,43C1i,d
349,43C1i,d
2730,43C1i,d
3039,43C1i,d
2539,43C1j,c
139,43C1j,d
140,43C1j,d
513,43C1j,d
1634,43C1j,c
1227,43C1j,d
10,43C1j,d
56,43C1j,d
119,43C1j,c
397,43C1j,d
419,43C1j,d
543,43C1j,d
702,43C1j,c
1018,43C1j,d
1133,43C1j,d
2667,43C1j,d
2729,43C1j,d
2820,43C1j,c
2883,43C1j,d
426,43C1j,d
1249,43C1j,d
909,43C1j,c
2888,43C1j,d
2,43C1j,c
1170,43C1j,d
421,43C1j,c
339,43C1j,d
1187,43C1j,d
826,43C1j,c
110,43C1j,d
513,43C1k,d
530,43C1k,d
1037,43C1k,c
1634,43C1k,c
1227,43C1k,d
56,43C1k,c
759,43C1k,d
1249,43C1k,d
909,43C1k,c
770,43C1k,d
349,43C1k,d
826,43C1k,c
513,43C1l,d
530,43C1l,d
1037,43C1l,c
1634,43C1l,c
1227,43C1l,d
56,43C1l,c
759,43C1l,d
1249,43C1l,d
909,43C1l,c
786,43C1l,d
770,43C1l,d
349,43C1l,d
658,43C1l,d
826,43C1l,c
